gender,age,education_level,experience_years,screening_score,shortlisted
Male,35,Masters,1,72.47312981139616,0
Female,32,Bachelors,15,55.00408449141816,0
Male,36,Masters,19,60.15600374131817,0
Male,44,Bachelors,6,75.84639698269119,0
Male,39,High School,1,43.2975400257319,1
Female,28,Bachelors,0,88.02511859074755,1
Male,41,Masters,18,78.34492720704601,0
Male,37,Bachelors,3,51.614668775102615,0
Male,43,Masters,1,93.9849860669323,0
Female,25,Masters,13,96.74103892486018,0
Male,42,Bachelors,1,68.19508341010261,0
Male,36,PhD,14,60.73510935299757,0
Male,26,High School,11,86.86303574202864,0
Male,28,Bachelors,4,66.5620986255974,0
Female,45,High School,19,71.61039507812853,1
Male,38,Masters,6,82.17289733922767,0
Female,45,Bachelors,9,68.46488536206803,0
Female,32,High School,13,67.58945749683332,0
Female,35,Bachelors,13,57.27605022794781,0
Male,47,Bachelors,4,63.69456904261985,1
Female,46,High School,17,67.39230153743932,1
Male,29,Masters,13,57.61436810965333,0
Female,33,Masters,1,58.520641817906224,1
Female,46,Bachelors,11,70.3360131664399,0
Female,35,PhD,5,51.5029585432804,1
Female,30,Bachelors,3,61.208369843786684,0
Female,36,PhD,12,89.44593993597022,0
Female,27,Bachelors,3,66.54531352859928,1
Female,37,Bachelors,13,65.29276591796149,1
Female,43,High School,15,66.5005416548516,1
Male,46,Masters,3,66.65847618545668,0
Male,41,Bachelors,0,75.74868869838383,0
Female,42,High School,12,75.04866153177801,1
Female,46,High School,3,66.0924158693548,0
Female,27,Bachelors,19,67.86162576862057,0
Male,34,Bachelors,17,83.1277311799006,0
Female,35,Masters,5,54.896952455297495,0
Male,41,Masters,2,69.42417983451278,0
Male,27,High School,12,71.35246540351231,0
Male,29,Masters,15,62.233171399008846,0
Male,39,High School,4,68.84863396508703,1
Male,36,Masters,3,60.88323539198117,0
Female,28,Masters,7,76.37169070701503,0
Female,38,Bachelors,18,56.61793344495621,0
Female,47,Masters,13,80.62333662420059,1
Female,43,Bachelors,6,69.26694842910443,0
Female,49,Bachelors,13,65.51966140566289,1
Male,38,Masters,5,59.95302900345726,0
Female,40,Bachelors,11,80.30657795987464,1
Female,27,Bachelors,15,63.48137865966041,0
Male,23,Bachelors,16,58.32751440505517,0
Female,38,Masters,12,80.51463319008118,1
Male,47,Bachelors,13,60.956941865053416,1
Female,30,High School,6,69.05517685855513,0
Male,27,Masters,13,78.18803775737263,0
Female,37,Masters,14,71.57957602780954,0
Female,34,High School,11,87.30851545869973,1
Male,44,Bachelors,16,61.65049631712323,0
Male,23,High School,8,67.89488663400259,0
Male,32,Bachelors,14,68.66821859732318,0
Male,48,Bachelors,11,76.21234952573995,1
Male,33,Masters,1,82.88623127838093,1
Male,22,Bachelors,4,70.73616509628697,1
Male,23,Bachelors,12,68.62336169639715,0
Male,25,Bachelors,19,55.170081321701346,1
Female,31,Masters,7,71.12381189796695,1
Female,28,Bachelors,13,63.49699990003546,1
Male,46,PhD,14,76.1843631059877,0
Female,43,Bachelors,10,65.90315810781972,0
Female,43,High School,0,67.5936194562993,1
Female,32,Bachelors,2,55.39731985416431,0
Female,27,Bachelors,16,51.88547916237461,0
Male,35,Bachelors,18,88.6098704018361,1
Female,44,High School,13,71.29683909565276,1
Male,37,High School,7,74.04335477630609,1
Female,24,Masters,12,60.87705036817247,1
Female,49,Bachelors,19,78.75523607178613,0
Female,42,Masters,2,76.9513989590436,0
Male,45,Bachelors,4,61.9757280557719,0
Female,33,Bachelors,8,59.404945641546135,0
Male,38,Bachelors,5,62.67472316172727,0
Female,21,Bachelors,1,69.71717351292888,0
Male,36,Bachelors,12,71.67107003140225,0
Female,33,Bachelors,4,70.38394008238652,1
Male,30,High School,7,82.98730108640204,1
Male,32,Bachelors,0,62.850431499039416,1
Female,22,Bachelors,19,59.133380089710805,1
Male,43,Masters,11,70.00099021851821,1
Female,23,Masters,10,53.06915184169054,1
Female,30,Masters,6,76.95737498510618,1
Female,22,Masters,14,70.97963264476127,1
Female,47,Bachelors,10,66.61961959090054,1
Female,43,Bachelors,15,66.06447126750861,1
Female,33,Masters,2,79.09995782121233,0
Female,33,Bachelors,19,78.78147935338531,0
Female,38,Bachelors,13,67.53628141586647,0
Female,23,High School,2,75.9176882355788,0
Female,47,Bachelors,0,78.63370461840339,0
Female,27,Bachelors,14,73.35526225624713,0
Male,34,Masters,0,67.94534980371274,0
Male,40,Bachelors,16,73.81167707490602,0
Female,49,Bachelors,1,59.60913357070625,1
Female,37,PhD,19,70.71105569293925,0
Female,49,High School,5,67.66873744373743,1
Female,41,Bachelors,7,66.10134376206531,1
Female,32,High School,15,52.7347898813657,0
Female,45,Masters,18,59.72402248587571,1
Female,36,Masters,0,65.14105175874619,0
Female,44,Bachelors,2,78.95039180638756,0
Male,32,Masters,2,72.85823490403988,0
Female,35,Bachelors,4,79.39674248027902,0
Male,45,Masters,11,82.4291338240013,0
Female,30,Masters,11,73.29309145249495,0
Female,45,Masters,19,71.40293410680297,0
Male,27,High School,12,60.2700600331479,0
Female,40,PhD,19,89.86671264573309,0
Male,25,Masters,8,55.82155928289809,1
Female,21,Bachelors,6,71.18734088208495,0
Female,37,Masters,3,78.32799003545382,0
Male,23,Bachelors,18,78.46737577531337,0
Female,33,Masters,18,58.449109095606765,0
Male,34,High School,5,65.8009699713241,0
Female,44,Masters,12,62.010452278823365,1
Male,38,Bachelors,10,50.195657704339794,0
Male,24,High School,12,71.30326741744962,1
Female,38,Bachelors,12,62.82384603760023,1
Female,25,High School,19,85.05482284711346,0
Male,45,Bachelors,14,76.15174438188672,0
Female,36,Bachelors,12,70.41401950214107,1
Female,21,Bachelors,10,65.27300467629131,1
Female,41,Bachelors,18,71.15116069785675,0
Male,34,Bachelors,7,67.4412618408422,1
Male,35,Masters,19,70.69539108893109,1
Male,29,High School,7,89.01635770831969,0
Male,35,Masters,9,59.35243844652322,1
Male,37,Masters,15,68.31358131351726,0
Male,45,Bachelors,18,77.06388400302224,0
Male,44,Bachelors,10,65.99859158214176,1
Male,24,Masters,12,85.8054184060837,1
Male,32,High School,8,76.78459153011838,0
Female,47,High School,19,62.811095848303765,0
Male,46,Bachelors,18,72.04068702274982,1
Female,25,Masters,15,62.953912658121986,1
Female,49,High School,6,62.033416856459056,1
Female,25,Bachelors,18,68.5980202029042,1
Male,31,PhD,11,82.63761161901782,1
Male,48,Masters,14,77.45445039784717,0
Male,26,Bachelors,13,69.77422393502744,0
Male,27,High School,10,77.81186194802393,0
Female,44,Masters,9,72.68618710415828,1
Male,34,Bachelors,10,58.30106974374712,1
Male,44,High School,5,68.5486238081169,0
Male,31,High School,1,69.26840404018535,0
Male,33,Masters,10,77.61690336925962,0
Male,22,Bachelors,18,64.33529499397903,0
Female,45,Masters,5,60.8733542433923,0
Male,27,Masters,13,69.54453043213194,0
Female,40,Bachelors,19,63.545754960054474,0
Male,24,Bachelors,5,66.76490780416364,0
Female,47,Bachelors,16,69.19120427108874,0
Male,28,Bachelors,9,66.16955836275545,0
Male,40,Bachelors,0,79.63182742852817,1
Female,49,Masters,2,84.14295106004421,0
Female,42,Bachelors,7,78.62910742958215,1
Female,41,Masters,7,52.28802834845136,1
Male,39,Bachelors,19,63.580263376981655,0
Female,33,Bachelors,14,68.21347880967805,0
Male,34,Bachelors,6,51.53726740649924,1
Male,30,Bachelors,10,61.241082828507196,1
Female,31,Masters,6,68.0857003076745,1
Female,22,Bachelors,3,65.51025918870938,1
Male,45,Bachelors,11,70.08650177308918,0
Male,46,High School,5,56.19171638723046,0
Female,29,Bachelors,13,65.39717649283163,0
Female,37,Bachelors,11,71.5190975072658,0
Female,46,Bachelors,10,70.1020147142487,0
Male,23,PhD,18,74.46893577647883,1
Male,44,Bachelors,4,73.88574361997533,0
Male,26,Masters,13,65.92893031245835,0
Male,25,Bachelors,15,71.20118883075122,1
Male,25,Bachelors,12,62.000069053049636,1
Male,42,High School,19,67.29771680972712,0
Female,35,Bachelors,3,59.44382528050294,1
Male,43,Bachelors,10,80.65424432276258,1
Male,37,Bachelors,16,67.26505699469269,0
Male,29,High School,6,80.63943446228063,0
Female,23,High School,13,73.11496068688446,0
Male,40,Bachelors,10,61.14337738343769,0
Male,46,PhD,8,72.5110659900152,0
Female,37,Bachelors,12,78.09718265087845,1
Male,49,Bachelors,17,69.22419208397487,1
Male,47,High School,10,70.74029352341239,1
Male,30,Bachelors,14,64.48542691644921,1
Male,23,Bachelors,18,70.24103226477348,1
Male,38,Bachelors,0,72.37898188802141,0
Female,38,Bachelors,3,64.21184185881489,0
Female,37,High School,13,59.207040633203455,1
Female,44,High School,13,82.87970499583194,0
Male,23,Bachelors,2,76.04120505984741,0
Male,23,High School,16,64.52341894628616,1
Male,26,High School,2,72.19657257158055,1
Female,33,Bachelors,15,55.21421332327011,0
Male,44,Masters,13,50.22929026089644,1
Male,49,Bachelors,19,80.84133087477801,0
Female,35,Bachelors,12,72.2955114026154,1
Male,45,Bachelors,14,69.52297530515384,0
Female,29,Masters,13,72.32657204812953,1
Female,24,Bachelors,18,100.0,0
Female,34,High School,5,78.69095286245324,1
Male,25,Bachelors,9,59.54559733625193,0
Male,22,High School,14,53.19623608079675,0
Male,31,Bachelors,19,80.54535763359416,0
Male,29,Bachelors,5,78.56095854230007,0
Male,44,Masters,9,75.75060767550441,0
Male,23,Bachelors,6,61.87120969100607,0
Male,47,Masters,16,73.63285389883976,1
Female,48,PhD,17,62.76654831256535,1
Male,49,High School,16,76.62781886020962,0
Female,29,Bachelors,8,79.82656907272342,1
Male,23,Bachelors,9,64.56527241170465,0
Male,45,Bachelors,9,81.31810161215424,0
Male,22,Bachelors,6,71.1485239956271,0
Female,32,Masters,15,74.91873212441985,0
Female,30,Masters,17,56.90366636309196,0
Female,29,Bachelors,5,72.322145059549,1
Female,35,Bachelors,19,63.24415612585332,0
Male,28,Masters,0,74.74633454014173,0
Female,45,PhD,0,84.67162669651262,0
Male,25,Masters,11,72.89520209316352,1
Male,31,High School,1,60.99145093566816,1
Female,47,Bachelors,3,76.26466091777587,1
Female,22,High School,16,74.01788745787717,1
Female,44,Bachelors,3,90.58601746400309,1
Female,48,High School,10,72.53967960900944,1
Female,35,Bachelors,3,64.14525008775931,0
Female,26,Bachelors,0,77.70641225646378,1
Female,28,High School,6,68.72321927694406,0
Female,47,Bachelors,17,70.80250989711774,1
Male,25,Bachelors,8,60.71523969624448,1
Female,36,Bachelors,2,68.77565187196586,1
Female,46,High School,7,70.30804697490436,0
Male,38,Bachelors,18,68.71651324263122,1
Female,26,Masters,3,64.09112637569179,1
Male,25,High School,17,72.88229130345296,0
Male,48,High School,19,60.76527583158166,0
Female,36,Bachelors,10,58.41005399476005,1
Male,33,Masters,13,77.0953617072644,1
Male,48,Bachelors,17,76.17750178087284,0
Male,25,Bachelors,15,56.92395519319648,0
Male,33,Bachelors,2,51.70444953567537,0
Female,37,Bachelors,14,59.912579546034316,0
Male,38,High School,3,68.71701005526802,1
Female,28,Bachelors,4,81.54349574765506,1
Male,33,Masters,16,68.4725543218748,1
Male,49,Bachelors,6,62.30638951271968,0
Male,39,Masters,15,71.48586229083061,1
Male,46,Masters,13,68.8598388475042,0
Female,23,High School,15,56.18992692547002,0
Female,44,Masters,6,56.24937115081289,0
Male,28,High School,8,56.518024978847066,0
Male,22,Bachelors,3,94.79851534907937,0
Female,28,High School,10,78.59981440273613,0
Male,47,High School,1,64.06283941464638,0
Male,33,Bachelors,11,81.08266822828932,0
Male,33,Bachelors,11,64.31943712338536,1
Female,21,Bachelors,3,80.7518039697373,0
Female,26,Bachelors,17,70.80306457069454,1
Female,44,High School,6,63.41148750202703,0
Male,39,High School,0,76.79820345828969,1
Male,36,Bachelors,12,71.37519572723684,1
Female,28,Bachelors,5,73.98267772179325,1
Female,48,Masters,5,72.1550702318411,1
Female,21,Bachelors,11,72.05014772870928,0
Female,47,Masters,7,78.00553888086745,0
Male,47,Bachelors,18,95.83806848817667,0
Female,36,Bachelors,4,82.48791900549558,0
Male,29,Bachelors,17,72.19645160283045,0
Female,33,Bachelors,4,66.89393085100427,1
Male,31,Bachelors,9,67.99265081998008,0
Female,33,Masters,0,57.438707053895506,1
Female,45,Bachelors,9,76.64543542553216,1
Female,41,Masters,4,59.85077308341658,1
Female,30,Masters,11,66.27545687950737,1
Male,24,Masters,6,76.70348702902,1
Female,47,Masters,8,67.62674696203474,0
Male,26,Bachelors,11,65.07712009470747,0
Male,48,Bachelors,0,58.02519313894357,1
Male,27,Bachelors,10,82.05326732304812,1
Male,25,Bachelors,14,61.66778134547121,1
Female,31,Bachelors,1,64.1412417305205,0
Male,33,Masters,19,52.08270580166139,1
Male,46,Bachelors,6,69.801389521921,0
Male,45,Bachelors,11,66.6670511363844,0
Female,39,High School,17,71.81857916968413,0
Female,43,Bachelors,2,58.253683230424265,0
Female,30,High School,6,77.34180793535135,0
Female,30,Masters,10,51.60789447153884,0
Male,31,Bachelors,17,69.07822500017595,0
Male,41,High School,11,71.15488283139584,0
Female,27,High School,5,70.57774006706084,1
Male,38,Bachelors,4,71.57754871160267,1
Male,24,Bachelors,0,77.88671684260866,0
Male,22,Bachelors,11,83.2469870497305,0
Female,34,High School,10,68.4439207168706,1
Female,33,Bachelors,3,60.32157364860387,0
Male,49,Bachelors,17,75.60717282292757,0
Female,32,Bachelors,3,67.1976061525581,1
Female,27,Bachelors,16,82.6461971162218,1
Female,22,Bachelors,1,63.98033385627874,0
Female,33,Bachelors,1,61.41989111367219,0
Female,34,PhD,11,71.43793750952676,0
Male,47,Bachelors,5,52.595822087630076,0
Female,37,Bachelors,9,65.32571286241716,0
Male,29,High School,15,66.70159423391651,0
Male,37,Bachelors,13,72.20472320772683,0
Female,28,High School,6,60.037279037298006,1
Male,22,Bachelors,18,61.204995277320485,1
Male,48,PhD,16,81.56913690696399,1
Male,44,Bachelors,8,69.86538545414348,1
Female,33,High School,12,78.64637183902961,0
Female,23,High School,4,64.58212598616537,1
Male,36,Bachelors,4,69.45549037579124,0
Female,26,High School,9,72.14534427029213,0
Female,39,High School,9,87.47554907623262,1
Female,27,Masters,6,67.82381819828518,1
Female,30,Bachelors,14,68.33731106279622,1
Male,29,Bachelors,6,80.98153027736738,0
Male,22,Masters,14,66.20188561514912,1
Female,48,High School,2,72.84629191672754,1
Female,48,PhD,18,80.10959206419031,0
Male,35,Bachelors,9,64.24158128301059,0
Male,25,Masters,14,73.40462446483656,0
Female,49,Bachelors,2,87.45550710145014,1
Male,42,Masters,5,79.21318048838154,0
Female,24,PhD,11,72.84933069684811,0
Female,40,Bachelors,14,67.75678688167366,0
Male,24,PhD,5,63.956817187251616,0
Male,38,Bachelors,12,60.118140767641925,1
Female,24,Bachelors,18,85.09623959965678,0
Female,47,Bachelors,2,83.1547104537,1
Male,37,Bachelors,7,63.42885522459422,1
Female,32,High School,7,73.3768699807814,1
Male,42,Bachelors,19,71.11326498506311,0
Female,37,Bachelors,14,81.84415461324073,0
Male,30,Masters,3,73.82801198301351,0
Male,42,Masters,18,69.77181239269652,0
Male,21,Bachelors,2,64.58314397704319,0
Female,42,Bachelors,12,73.40867845125827,1
Female,46,Bachelors,7,66.51817429037379,0
Male,44,High School,15,72.20684945129841,0
Female,47,High School,12,69.24028920541686,0
Male,38,Bachelors,2,66.27508120129853,0
Male,38,Bachelors,15,60.27259226368181,1
Female,34,PhD,8,75.14195252747301,0
Female,35,Bachelors,13,70.42570341379033,0
Male,49,Bachelors,12,87.87420855466428,1
Female,32,Bachelors,6,59.67655161622391,0
Female,24,High School,14,76.25298192232991,0
Male,47,Bachelors,6,69.17353531973359,0
Male,23,Bachelors,5,90.99758398326557,0
Female,40,Bachelors,1,75.48971917061468,0
Male,49,Bachelors,8,73.24688581635084,0
Male,32,PhD,16,69.1989756502618,1
Female,27,Masters,4,62.9687894533438,0
Male,49,Bachelors,11,73.1139279264093,1
Male,31,Bachelors,0,56.176973908632384,1
Female,21,Bachelors,9,56.63715911415029,0
Female,26,Bachelors,10,80.12438436829495,0
Male,35,Bachelors,15,52.37875860955935,0
Male,35,High School,13,66.80426441709163,1
Female,39,Bachelors,7,59.508735087410415,1
Female,31,Bachelors,16,65.97529307610337,1
Female,46,Bachelors,17,71.84545302339346,0
Female,43,PhD,11,79.84555290964173,1
Male,46,Masters,16,82.1763358973272,0
Female,22,Masters,13,60.81046780841178,0
Female,34,Bachelors,15,65.34038063373235,0
Male,22,Masters,13,100.0,0
Female,49,High School,8,67.49985314064638,0
Male,24,Masters,3,61.17789204004095,1
Female,37,High School,10,62.841992372585615,1
Female,23,Masters,5,67.55860083690669,1
Female,33,Bachelors,14,66.07262637211541,0
Male,29,Masters,4,67.6562987680513,1
Male,27,Masters,10,69.78573446273435,0
Female,35,High School,17,69.71592137706836,0
Male,43,Bachelors,12,60.44513502728806,0
Male,49,PhD,10,73.69331021156131,0
Male,49,Bachelors,13,71.21046949880684,0
Male,31,Masters,17,74.96581670549926,0
Male,40,Bachelors,18,52.85545946274843,0
Male,22,Bachelors,14,71.56844243691478,1
Female,35,Bachelors,8,50.14403684097984,0
Female,34,Bachelors,7,68.2442910552342,1
Male,40,Masters,19,76.57936292753075,1
Female,42,Bachelors,0,80.45779151602366,0
Female,31,Bachelors,3,73.34460064097004,1
Female,47,Bachelors,13,76.75390735292989,0
Female,23,Bachelors,1,67.00995037917541,1
Male,37,Masters,15,64.90832230075037,0
Female,32,PhD,2,96.92758162523727,1
Female,44,Bachelors,7,78.27160311865211,1
Male,48,Masters,5,58.270161485346065,1
Male,49,Masters,15,52.65336078467009,1
Female,41,Bachelors,15,65.34930550936424,0
Female,35,PhD,6,81.91868506308666,0
Female,36,Bachelors,12,70.48739154028767,0
Female,25,High School,12,47.75980177638715,0
Female,47,Masters,4,68.22706576810093,0
Female,40,Bachelors,19,69.97598449751449,1
Male,26,Masters,17,45.84332620534519,0
Female,39,Masters,14,70.2416615205019,1
Female,45,High School,17,59.86631992408676,1
Male,25,Masters,1,51.64453589211685,0
Male,23,Bachelors,9,86.04507580165401,1
Male,47,Bachelors,12,59.423977992150725,0
Male,21,Bachelors,17,63.32715264543719,1
Female,46,Masters,14,63.19417113933322,0
Female,48,High School,11,70.02238750924303,0
Female,26,Bachelors,14,87.66310607055874,0
Female,35,Bachelors,12,58.03813129764068,0
Female,22,Masters,17,66.93196485551405,0
Female,49,Bachelors,14,71.20861879026398,0
Male,23,High School,10,61.31208252840494,0
Female,37,Bachelors,18,66.77113595421393,1
Male,45,Bachelors,2,75.94499806749558,0
Male,44,Masters,6,62.442950132935074,0
Female,32,Bachelors,13,66.61357491269821,1
Male,38,Bachelors,13,65.68646073080714,1
Female,35,PhD,12,68.96193318865663,1
Male,32,High School,11,72.43151714623242,0
Female,36,PhD,8,75.86560768106878,0
Male,47,Bachelors,0,89.37554301962338,0
Female,28,Masters,18,43.41523568145789,0
Female,48,Bachelors,10,68.32608660794558,1
Female,34,High School,18,56.35563927757807,0
Female,45,Masters,17,66.14629999349096,1
Female,37,Masters,11,78.80867330694078,0
Male,49,Masters,0,81.97792522142379,1
Male,41,High School,18,82.44714576818409,0
Male,28,Masters,19,82.35292514850424,1
Female,35,Masters,16,68.26064928379571,1
Male,47,Bachelors,4,83.98530274707163,1
Female,34,Masters,2,85.96849794605842,0
Female,38,Masters,1,71.3880045454151,0
Male,40,Bachelors,2,81.77236601567563,1
Male,27,High School,7,70.41237018516578,0
Female,23,Bachelors,15,84.1023251555088,0
Male,49,High School,5,68.38336762636442,0
Female,32,Bachelors,12,63.90479518306815,0
Female,41,Bachelors,15,58.80008569728383,0
Female,44,High School,15,68.26370966762349,0
Female,48,Bachelors,2,70.84388194328302,0
Female,46,High School,12,60.54147338624046,0
Male,23,Masters,13,67.49891541004341,0
Male,40,Masters,7,64.73450690579234,0
Female,34,High School,11,59.23024453669491,0
Female,35,PhD,7,80.35884661553584,1
Male,45,Bachelors,8,82.11903603105785,1
Male,34,Bachelors,0,80.31432678292309,1
Female,27,High School,5,69.15844209378501,1
Male,37,Bachelors,18,69.77617194608128,0
Female,32,Masters,10,59.3682664426065,1
Male,40,Masters,10,74.14632895241338,0
Female,24,High School,12,71.6963170618562,1
Male,29,High School,10,98.43947396525681,0
Female,26,Bachelors,17,80.87102362015743,1
Male,36,Bachelors,14,73.15244926570854,0
Male,45,Bachelors,0,69.58390689006676,0
Female,48,Bachelors,6,80.01306537077225,1
Male,42,Masters,12,60.842613296194784,0
Female,42,Masters,11,81.39637812014031,0
Male,41,Bachelors,17,59.12856499762701,0
Female,41,Masters,18,64.38476142785268,0
Male,22,Bachelors,14,51.6182050059554,0
Female,44,Bachelors,7,76.14076223049092,1
Male,28,Bachelors,18,72.49929026263189,0
Female,31,Bachelors,9,64.38516975233976,0
Male,33,PhD,6,60.708612090241814,0
Female,37,Bachelors,17,83.78722226700067,1
Female,28,Bachelors,15,68.6639606239683,1
Female,41,Bachelors,19,62.32704625479424,1
Male,38,High School,5,89.21932963618025,1
Female,38,Masters,8,63.429370808582874,1
Male,34,Bachelors,12,81.38617071453785,1
Female,35,Bachelors,7,58.490094359894265,1
Male,26,Bachelors,15,66.45053769793027,0
Female,31,Bachelors,12,75.02291225382386,1
Male,33,High School,12,69.42163050395975,0
Male,45,Bachelors,16,72.43763021513053,1
Female,21,Bachelors,19,64.61165153975995,1
Male,48,Masters,4,54.02203848100406,1
Male,26,Masters,16,84.65576384364711,1
Female,29,Masters,8,65.2217162262593,0
Male,28,Bachelors,1,72.89012455532338,0
Male,31,Bachelors,17,77.01957491632326,0
Male,42,High School,8,73.08758204311393,1
Female,39,Masters,5,62.914087330617846,1
Male,44,Bachelors,10,81.59764961951771,1
Female,29,Bachelors,5,75.13679175024869,1
Male,37,Bachelors,5,71.98773650345228,1
Male,32,High School,12,71.75584803585889,1
Male,45,Bachelors,10,86.82262344257057,1
Female,34,High School,13,62.69937780746851,1
Male,35,Masters,1,74.15255828367746,1
Male,36,Bachelors,7,64.71370508399822,0
Female,42,High School,2,50.63694193659997,1
Male,42,Bachelors,2,50.37265475137119,0
Female,48,High School,0,59.85363625023287,0
Female,40,Bachelors,18,63.41556833987705,1
Male,21,Masters,17,91.72949749360865,0
Female,30,High School,16,76.9838843430609,1
Male,28,Masters,19,77.8834302085942,0
Female,38,High School,12,63.62921493749644,0
Female,48,Bachelors,2,70.61327169519448,0
Male,21,Masters,0,93.06152984746214,0
Female,22,Bachelors,3,57.855823262224355,0
Female,21,High School,12,74.56238797367314,0
Female,21,Bachelors,16,86.11295766910263,0
Female,29,Bachelors,10,79.6594308547224,0
Female,33,Masters,1,88.01539613925233,0
Male,21,Bachelors,15,72.12865256527128,1
Female,33,Masters,1,76.03453025187098,0
Male,40,Masters,18,71.09774386790373,1
Female,46,Bachelors,18,75.3334555913958,1
Male,42,Masters,15,60.84793587696577,0
Male,27,Bachelors,18,77.92348408943683,1
Female,22,PhD,8,72.94248312767057,1
Female,26,High School,0,70.62659366254547,1
Female,27,Bachelors,9,87.46391637815854,0
Male,46,Bachelors,18,67.34614600895226,1
Female,34,Bachelors,0,82.07822034620433,1
Male,46,Bachelors,1,83.07278597099756,0
Male,38,Masters,15,78.55544384585463,0
Male,35,High School,11,60.34900329263421,0
Female,22,High School,7,73.59078297343156,1
Female,30,Masters,17,89.584743011315,0
Male,43,Bachelors,1,51.81446465313296,1
Male,32,PhD,12,68.12341505703799,0
Female,37,Masters,5,81.623085196682,1
Male,28,PhD,5,68.84679400212362,0
Female,31,Masters,8,78.09887816973873,0
Male,49,Bachelors,15,84.09191028599123,0
Female,23,High School,10,72.32006283148803,0
Male,47,Masters,6,75.08990520855541,0
Female,26,Bachelors,9,70.918709335802,0
Male,29,High School,9,72.97805881970316,0
Female,26,Bachelors,19,91.02602434896271,1
Female,29,PhD,17,69.36051507319353,1
Male,27,Bachelors,19,66.4684596205442,0
Male,29,Bachelors,8,80.41754229019762,0
Female,38,Bachelors,14,61.57077667758207,0
Male,32,Bachelors,3,63.85278542734759,1
Female,28,Bachelors,7,63.916547060473775,0
Male,28,Bachelors,8,67.4412547754196,0
Female,38,High School,12,67.87800535129942,0
Female,48,Masters,8,76.99099589665506,1
Female,40,Bachelors,3,66.57638364741322,0
Female,35,Masters,16,77.39463469235187,1
Female,47,Masters,15,78.64180704841783,0
Female,27,Bachelors,14,63.4648880066696,0
Male,31,Bachelors,2,78.4270601869845,0
Male,40,Bachelors,19,79.33418482958288,0
Male,36,Masters,4,52.39063563369142,0
Female,24,Bachelors,4,72.93480952873966,0
Female,26,Bachelors,19,64.93591891699087,0
Female,46,Bachelors,14,83.03064980332442,0
Female,42,Bachelors,17,64.83393814726438,0
Male,46,High School,14,56.6051684468933,1
Male,23,Bachelors,1,69.70183183331173,0
Female,29,Masters,12,61.03027695900882,1
Male,48,Bachelors,3,78.49585264537887,0
Male,30,Bachelors,9,61.91387501118213,0
Female,34,Bachelors,12,69.82493550811724,0
Male,31,Masters,9,85.45810427164164,0
Female,38,High School,8,80.98528622214137,0
Male,42,Masters,7,74.77839203288949,0
Female,32,Bachelors,2,68.72422287447725,1
Female,43,Bachelors,15,73.82896456211088,0
Female,32,High School,13,76.88983952725054,0
Female,33,High School,8,60.133976367845115,0
Male,45,Bachelors,10,78.5133724392384,0
Female,33,Bachelors,2,58.98305947442919,1
Female,39,Masters,4,75.72451935012276,0
Female,46,High School,9,58.93109595450359,0
Male,39,Bachelors,12,89.62796243370614,0
Female,43,Bachelors,3,77.63341624937038,0
Male,34,High School,12,54.43974721214046,1
Female,24,High School,11,69.99073373769848,1
Male,33,Bachelors,4,64.78577955915364,0
Male,28,Bachelors,9,63.602730702186356,0
Female,49,Bachelors,8,71.47103526468418,1
Male,43,Bachelors,19,60.72006250331502,0
Female,41,Bachelors,6,77.61465764984436,0
Female,43,High School,1,77.04654086999342,1
Female,39,Bachelors,6,73.51424774941985,0
Male,32,PhD,7,69.80495471459135,0
Male,38,Bachelors,6,76.59818285944982,0
Female,26,Bachelors,13,77.91385506077984,1
Female,38,Bachelors,18,74.54917736741682,0
Male,39,Masters,4,56.88125976819762,1
Female,42,Masters,17,62.116138861309935,1
Female,25,Bachelors,19,67.31939078507888,0
Female,44,PhD,11,55.24209102150303,0
Male,29,High School,16,72.2400313333153,0
Male,47,High School,12,84.11005207323618,0
Male,23,Masters,1,82.51690366759593,1
Female,48,Masters,12,77.39626144004875,0
Female,30,High School,6,77.27711933871555,0
Female,39,Bachelors,9,92.15295530963381,1
Male,23,High School,5,78.43863832178363,0
Female,49,Bachelors,2,79.25635686788347,1
Female,49,Masters,2,55.610853056638454,1
Female,42,Bachelors,17,83.32818794356268,0
Female,35,Bachelors,10,73.98497350305563,0
Male,21,Bachelors,19,69.20215654567322,1
Male,27,High School,4,66.72361875931762,1
Female,32,Bachelors,18,64.51404563330755,0
Male,37,Bachelors,18,82.56776878360895,0
Male,41,PhD,14,69.71641070742626,0
Female,46,Masters,15,64.88321441129752,0
Female,49,High School,8,62.284531952698856,0
Male,44,Masters,3,71.70598794462857,0
Female,40,Masters,14,66.40390295782217,0
Male,25,Masters,11,64.12244447500345,0
Female,24,Bachelors,2,56.178440307245296,1
Male,48,Bachelors,13,79.59357359504497,1
Female,32,Bachelors,16,68.61976724550233,0
Male,40,High School,18,59.147613429759794,0
Male,48,Bachelors,5,67.28763858667116,0
Male,44,Bachelors,3,75.49132055965617,0
Female,38,Bachelors,6,70.28840871603312,1
Male,37,Masters,18,71.9099374777061,0
Male,39,Bachelors,16,70.42548257990309,1
Female,29,High School,15,57.231442235589185,0
Female,24,PhD,14,79.4850854326353,1
Male,46,Masters,7,52.917538396180674,0
Male,41,Masters,18,74.61536574611442,0
Female,22,PhD,7,76.15570921495444,0
Female,24,Bachelors,17,67.80156296220818,1
Female,22,PhD,15,73.53422523805557,1
Female,35,High School,19,67.22864530759779,1
Female,22,Bachelors,18,73.65495203091115,1
Male,24,Bachelors,9,79.92922543518904,1
Female,26,High School,16,62.07873573614663,0
Male,27,High School,12,76.73964858952303,0
Male,30,Bachelors,12,86.92398002388111,1
Male,39,Masters,6,72.6456526253436,1
Female,39,Bachelors,9,64.96895775578588,1
Male,46,High School,1,92.63232839085535,0
Male,42,Masters,3,70.88706239044757,0
Female,49,Bachelors,5,72.31529903802877,1
Male,32,Bachelors,17,72.52374209533606,0
Male,23,Bachelors,5,74.4786332759928,0
Female,33,Bachelors,16,66.61125054551015,1
Male,38,Bachelors,13,71.89990860704171,1
Male,28,Masters,10,79.5218374343677,0
Male,41,Bachelors,18,66.26598978765244,1
Female,35,Bachelors,1,65.80006022873305,1
Female,21,Masters,2,67.07915524531349,1
Female,23,Masters,10,59.022271820158174,1
Male,46,High School,5,63.17160538148432,0
Male,28,High School,13,62.76420076359904,0
Female,24,High School,18,69.99477476331973,0
Male,36,Bachelors,15,78.36145655705768,0
Male,43,Bachelors,6,84.53714096879472,0
Female,30,High School,7,70.57188617191865,0
Female,32,PhD,18,74.56469751428708,0
Male,34,Bachelors,19,72.43393805907695,0
Male,34,Bachelors,15,49.065610447933416,0
Male,22,Bachelors,6,58.52109088139726,1
Female,43,Bachelors,8,77.6126429116474,0
Female,25,High School,12,78.5848517191958,0
Female,25,Bachelors,0,78.3560802511997,0
Female,26,Masters,7,68.22188015536611,0
Male,33,Bachelors,3,50.05165539399025,1
Female,29,Bachelors,2,59.71475014320828,0
Female,42,Bachelors,2,61.24492154352838,0
Female,48,High School,12,76.28768579090712,0
Female,49,High School,7,66.42628903583405,0
Female,35,Bachelors,6,86.90400508130418,0
Male,34,Bachelors,0,84.67638337860758,0
Male,44,High School,15,86.73698446220862,0
Female,27,Masters,5,60.83487006356778,1
Male,45,PhD,6,74.90891212141571,1
Female,40,Masters,11,65.2247591106213,0
Female,22,Masters,8,73.27871818233291,0
Male,27,Bachelors,10,61.9438625725604,0
Male,26,PhD,9,82.26156367551455,0
Female,37,High School,0,62.13068449796114,0
Female,47,PhD,17,50.52760975328903,1
Female,45,PhD,3,90.33780815743162,0
Male,45,Masters,4,74.4249667956793,1
Female,48,PhD,8,59.30873235581872,0
Female,22,Bachelors,16,68.37728884930863,1
Female,23,Bachelors,2,64.23142905283116,1
Male,25,Bachelors,15,70.0574144680444,1
Female,25,Bachelors,4,78.02780835914821,0
Female,21,High School,15,76.4577909290363,1
Male,28,Bachelors,2,72.53729020508514,1
Female,32,PhD,19,70.05253113309509,1
Female,44,High School,14,80.7867075752801,0
Male,24,Masters,2,50.74541781663106,1
Female,33,Masters,19,62.51067306739562,0
Male,43,Masters,13,60.213371667438324,0
Male,35,PhD,15,80.06257773002892,1
Female,31,Bachelors,16,62.609073843215285,0
Female,30,PhD,19,57.14044607709552,0
Female,23,Masters,17,75.49327546116933,0
Female,42,High School,17,60.912524190902744,1
Male,34,Bachelors,13,66.49273517491642,0
Female,36,Masters,17,93.81143900881698,0
Male,30,Bachelors,14,77.87138554003474,0
Female,49,Bachelors,14,67.88959392585325,1
Female,30,Bachelors,5,68.78871874055817,0
Female,32,High School,14,79.07487586221472,1
Male,29,Bachelors,17,76.62870430104631,0
Female,21,Masters,3,70.75599489450937,1
Female,25,Bachelors,7,71.03559942239424,1
Female,40,High School,14,55.20151519562028,0
Female,28,High School,2,53.099894499310636,0
Male,31,Bachelors,14,68.23177724226495,1
Female,32,Masters,12,63.66714814653856,0
Male,21,Bachelors,8,75.86079034340364,0
Male,45,Bachelors,1,71.97179743805626,1
Male,42,Bachelors,7,62.272256065056204,1
Male,40,Bachelors,19,71.63198459496357,0
Male,48,Masters,16,65.81767214445077,0
Male,45,Masters,12,90.66601378014029,0
Female,31,High School,0,73.86242298962958,0
Male,25,Bachelors,1,54.393930129670714,1
Male,35,High School,14,88.20515100219582,1
Male,25,Bachelors,11,63.6685099604275,1
Female,32,Bachelors,13,60.25263009219831,0
Female,25,High School,1,91.4368665254352,0
Male,37,Bachelors,17,73.45836657795563,0
Female,37,Bachelors,6,77.00766007205485,0
Male,44,Masters,5,77.3306011587215,1
Male,32,PhD,13,67.94010283762196,0
Female,44,High School,7,64.2759472981368,1
Male,48,Masters,1,65.9074254506226,1
Female,35,Bachelors,16,86.08866279244033,1
Female,35,Bachelors,4,72.03787553206809,1
Male,26,Masters,13,83.12915039716137,1
Male,32,Masters,19,69.23554872771501,0
Female,47,PhD,2,62.44616422656256,0
Male,49,Bachelors,4,55.57783526131946,0
Male,40,Bachelors,15,76.4800318515404,0
Male,38,Masters,17,86.94098078411974,1
Female,34,Bachelors,16,61.140269917534994,1
Female,22,Bachelors,10,75.1337256863802,0
Male,29,Bachelors,16,56.243842843192496,0
Female,25,Bachelors,15,64.44303322938109,0
Female,40,Bachelors,1,72.67936785374548,1
Female,46,High School,3,52.717059143295984,1
Female,49,Masters,6,69.81976747270618,1
Female,21,High School,1,61.63299526582854,0
Male,43,Bachelors,5,76.04759225738275,0
Male,23,Bachelors,16,68.3459935784647,1
Male,26,High School,6,79.39439019467584,1
Female,25,High School,4,67.20401713255185,0
Female,41,High School,4,56.37620480170491,1
Male,47,Masters,19,55.130399189637345,0
Female,25,Bachelors,15,50.909904964420306,1
Male,21,PhD,18,76.32957832609989,1
Male,37,Bachelors,8,95.57730919268994,1
Male,39,Bachelors,4,74.35238137185132,0
Female,34,Bachelors,7,86.72046882004341,0
Female,32,Bachelors,8,81.3357329078902,1
Male,30,Masters,4,64.81663990125914,1
Male,40,Bachelors,9,82.65315980990626,0
Male,41,Bachelors,1,65.21425308487485,1
Male,38,Masters,8,65.4129213046164,0
Female,44,Masters,10,67.9140767406369,1
Female,47,Masters,3,68.3880197767287,1
Male,31,Bachelors,1,76.61369463186148,0
Male,22,Masters,5,63.29113264109195,0
Female,45,Bachelors,13,78.89102778582978,0
Female,38,Bachelors,0,78.7474408303147,0
Male,49,Bachelors,17,73.42963532444485,0
Male,45,Bachelors,6,89.39611908607445,1
Male,27,High School,0,82.87392648658309,1
Female,44,Bachelors,0,80.69729290200465,0
Female,35,Masters,0,70.66153374543252,0
Female,31,Bachelors,3,73.51766137814326,0
Male,38,High School,3,75.23807363087754,0
Male,43,High School,17,70.13241373527605,0
Female,32,Masters,10,66.2443053969153,1
Female,26,Bachelors,0,45.94287257123688,1
Male,40,Bachelors,9,77.17765409124823,0
Female,43,Masters,8,80.41447216883354,1
Female,33,Masters,3,58.38881143843164,1
Male,40,Bachelors,5,76.05168649720491,0
Female,36,Bachelors,15,64.08473321682476,1
Male,38,Masters,1,66.33470817592926,1
Male,30,Bachelors,17,83.10760527363354,0
Male,48,High School,9,60.09365609785986,0
Male,43,Masters,16,60.0785221130678,1
Male,28,Bachelors,12,88.04834365643998,1
Male,38,Bachelors,17,68.54443301463617,0
Male,41,Bachelors,12,82.46545593231068,0
Female,21,High School,16,54.012971381710656,0
Male,43,High School,4,54.81396730409147,1
Male,28,Masters,10,60.87055484421579,0
Female,49,High School,6,65.18539223467312,1
Female,26,Bachelors,9,55.96713403346888,0
Female,25,Bachelors,16,73.6929647643,0
Male,35,High School,14,74.34594168656783,0
Female,42,PhD,17,61.01857122161462,0
Male,35,Bachelors,18,61.81401300609198,0
Male,22,Bachelors,1,63.132185661484385,0
Male,21,Bachelors,3,58.351142011069584,0
Male,43,Bachelors,2,41.044423000220824,0
Female,43,High School,6,69.14959693855134,0
Female,46,Masters,17,65.69562307299023,0
Male,31,PhD,9,66.71854155173426,1
Male,30,Bachelors,6,59.88196478991228,1
Male,38,Bachelors,7,78.10497499150267,1
Female,38,Masters,5,94.25391589417082,0
Male,37,Masters,0,61.659151439788445,0
Male,46,Bachelors,3,83.99696138972348,0
Female,28,Bachelors,13,73.66649812147294,0
Female,35,Bachelors,16,70.35419891782433,1
Male,28,Masters,19,66.55877263437169,0
Female,37,Masters,17,69.16783129766007,0
Female,32,High School,10,81.49590689698627,0
Male,47,Bachelors,13,58.61919039043488,1
Female,28,Masters,8,67.24993268848549,1
Male,45,Masters,14,82.49000207822503,0
Female,34,PhD,11,79.83714693527997,0
Male,24,Masters,9,58.77414061049757,1
Male,21,Bachelors,18,68.17408122218954,1
Male,21,Bachelors,18,77.28007847834027,0
Female,39,Bachelors,5,76.63428119321097,0
Male,36,High School,19,79.75134521243288,1
Female,34,Bachelors,5,73.84285888167298,1
Male,41,Masters,7,75.51953147995783,0
Male,36,High School,0,73.42796421927159,0
Female,25,Masters,16,85.79733077527891,1
Male,29,Bachelors,16,65.78188820568782,1
Male,46,PhD,14,70.48191162945217,1
Female,48,High School,6,59.850311676822905,1
Male,22,Bachelors,18,57.87978233195588,0
Male,38,Bachelors,2,73.2495670105838,1
Male,26,Bachelors,10,62.75813734058148,0
Male,29,Masters,19,69.42314397102643,1
Female,21,Masters,18,86.17749310524209,0
Female,29,High School,8,85.59937702372821,1
Male,45,Bachelors,9,92.24044778688301,0
Female,36,Bachelors,1,86.37652508399121,0
Male,33,Bachelors,0,94.0301819178549,0
Female,29,Masters,15,74.36529667812562,1
Male,41,Masters,17,60.96979417355416,1
Male,33,Bachelors,16,59.9960743051452,1
Male,29,Masters,5,83.9633060744152,0
Male,31,Bachelors,13,70.5162650281042,0
Male,24,Masters,14,71.26131515846016,1
Male,22,Bachelors,13,64.50928912046186,1
Female,49,Masters,2,65.70826060350717,1
Male,26,Masters,18,73.83759289776926,1
Female,34,Bachelors,11,59.44776509875963,1
Male,24,Masters,1,72.57138465808096,0
Female,26,High School,2,85.11080195135129,1
Female,39,Bachelors,17,48.66364158341179,1
Female,26,Bachelors,0,54.586881219228864,1
Male,22,PhD,19,76.75609961503058,1
Male,38,Masters,5,83.63967873660863,0
Female,33,Masters,4,65.10107269860318,0
Male,29,Masters,0,50.017593849554615,0
Female,43,Bachelors,18,84.31924173940752,0
Male,39,Masters,0,61.88934848085476,1
Female,33,Bachelors,15,66.38753657072388,1
Female,31,Bachelors,11,73.19044872319776,0
Male,21,High School,7,63.335666280892426,0
Female,44,Masters,15,61.23870272842805,1
Male,42,Masters,0,61.42199807435911,1
Female,27,Bachelors,3,88.57928560927684,0
Female,45,High School,9,81.59613588425282,1
Male,41,Masters,10,75.74517340617182,0
Male,35,High School,16,48.135667742654334,0
Male,21,Masters,6,75.78191895055586,0
Female,32,PhD,11,75.2420020840947,0
Male,46,Bachelors,6,57.21866859814834,0
Female,27,Bachelors,11,72.58710133473832,1
Female,35,Masters,14,80.51492496258689,1
Male,41,Masters,1,75.69365918593773,0
Male,39,Bachelors,13,63.19830598299774,0
Female,48,PhD,12,70.13264643083973,0
Female,49,High School,3,77.30356931201199,1
Male,45,Bachelors,13,70.5945203421765,1
Male,21,Masters,13,82.54284889106896,0
Male,37,Masters,15,73.95681556840108,0
Male,37,High School,6,77.52922665287831,1
Male,23,Masters,18,78.21400646991759,0
Female,32,Bachelors,1,59.33317296694137,0
Female,26,Bachelors,9,70.49986035356679,1
Female,46,High School,17,66.67645526481036,0
Female,31,Masters,16,80.43845994807079,0
Male,23,High School,4,74.63233046704025,0
Male,28,Bachelors,11,68.11787537894409,0
Male,34,Bachelors,5,57.18148596557337,1
Female,34,Masters,8,54.03091667879459,1
Female,30,Bachelors,19,73.10342619944953,1
Male,22,Masters,0,62.8278732276654,1
Male,34,Bachelors,14,76.66126468097232,0
Female,29,Bachelors,5,53.568597349237734,1
Female,23,Bachelors,18,85.92951198208891,1
Male,41,Masters,17,76.63864089931674,0
Male,46,Masters,5,70.99185089977728,0
Female,28,High School,12,86.83058936402732,1
Male,36,Bachelors,0,79.48417934221136,1
Male,22,High School,12,65.24996761382957,0
Male,26,Bachelors,6,70.7757630977833,0
Female,48,Bachelors,14,50.357257001852545,1
Female,41,Bachelors,11,80.64190310548851,0
Female,49,Bachelors,0,67.04048322008278,1
Female,46,Bachelors,14,50.22775154761018,0
Female,45,Bachelors,3,58.18161430591009,1
Female,32,Masters,12,78.7091204844941,0
Female,25,Bachelors,4,86.13802715036152,0
Male,22,High School,1,70.20425518918087,0
Male,36,Masters,0,60.179486580071064,0
Male,25,Bachelors,15,55.79250310320898,1
Male,35,Bachelors,5,84.14614618141108,0
Male,32,Bachelors,15,74.49467778447227,0
Male,24,Bachelors,13,66.69860379355254,0
Male,35,High School,2,64.3172821392446,1
Female,31,Bachelors,14,76.71829637733629,1
Female,36,Masters,2,76.4431849407136,0
Male,43,Bachelors,1,61.034155865440546,1
Male,26,Bachelors,0,58.57627509099058,1
Female,34,Bachelors,8,59.080973042865054,1
Male,38,High School,8,65.31775419525644,0
Male,32,Bachelors,6,63.10214546417244,1
Female,47,Masters,2,86.18092018169565,0
Male,31,High School,17,64.96219377740562,0
Female,33,Bachelors,10,57.5033355205027,0
Male,41,Bachelors,6,58.065025591004726,0
Female,43,Bachelors,8,68.16028398958404,0
Female,31,PhD,0,51.778758770211596,1
Female,43,High School,13,69.39879286137604,0
Male,36,Bachelors,19,56.63790499518436,0
Female,35,High School,5,81.586103667417,0
Male,41,PhD,6,71.16562349241946,0
Male,48,High School,9,91.21023601532443,0
Male,35,Bachelors,6,67.7179942049779,0
Male,45,Masters,1,38.68256166029746,0
Female,24,Masters,3,84.57681200356204,0
Female,31,Bachelors,16,75.01923158477068,0
Male,39,Bachelors,0,76.56907878960673,0
Male,35,Bachelors,9,59.97416410255951,1
Female,24,Bachelors,18,69.5715194440461,1
Male,41,Bachelors,14,71.8646087513566,1
Female,33,Bachelors,9,67.62179382393902,0
Male,42,Bachelors,18,52.65637174746526,0
Male,39,Bachelors,11,97.68692048259055,1
Female,22,Bachelors,15,78.35829237828226,0
Male,34,PhD,8,74.20584047020395,0
Female,49,Bachelors,14,83.13885621013979,0
Male,24,High School,16,76.44192211038842,0
Male,36,High School,13,63.227971199203,0
Male,41,PhD,17,82.4978275781769,1
Female,40,Bachelors,1,78.52216006578016,0
Male,34,High School,3,63.60714182685941,1
Male,47,Bachelors,17,77.90014668285045,0
Male,49,Bachelors,6,67.59429967823918,0
Male,35,Bachelors,12,72.08478199798613,1
Female,48,Bachelors,14,75.99650466913226,1
Female,23,High School,0,83.6849770130496,0
Male,28,PhD,10,63.54004014872946,0
Female,36,Bachelors,9,73.64962180652263,1
Male,30,Bachelors,4,90.15726226231195,0
Male,24,Masters,15,68.23952503973048,0
Male,38,Bachelors,10,71.96556777699583,1
Female,22,Bachelors,5,90.14230474477988,0
Female,37,Bachelors,8,76.37477471949104,0
Female,33,Bachelors,12,55.260197208388846,0
Female,24,Masters,7,62.04522347845635,0
Female,46,Masters,13,76.89579214365443,1
Female,45,High School,0,74.23004907890476,0
Female,31,High School,16,71.6257986673882,1
Female,27,Masters,4,91.61224183166465,0
Female,32,Masters,1,63.82512843841605,0
Male,30,Masters,8,69.25586176567964,0
Female,27,Bachelors,3,50.368897905617644,1
Female,33,Bachelors,16,81.60659888800973,1
Female,27,Masters,16,62.0114769893742,0
Female,44,Bachelors,17,80.57136768800929,0
Female,37,Bachelors,15,79.52030131437301,0
Female,30,High School,7,93.49099258787778,1
Female,49,Bachelors,10,76.49275576531213,0
Female,30,Bachelors,17,66.43913375679891,1
Female,44,Bachelors,9,74.53622959997092,0
Female,24,PhD,12,62.40747152171412,0
Female,40,Bachelors,16,73.19160177508908,0
Male,24,Masters,17,67.99097494457628,0
Male,42,High School,9,69.29661550328129,1
Female,27,Bachelors,15,61.016335120724364,1
Female,42,PhD,19,73.00446059762777,0
Male,21,High School,4,78.24230025686069,0
Female,32,High School,12,53.47903205328273,0
Male,44,Bachelors,17,63.114073467348625,1
Male,33,High School,16,71.68047169180271,0
Male,30,Masters,8,46.52683358786586,0
Male,35,Masters,13,87.40264433712919,0
Male,47,Bachelors,16,62.88889185446945,0
Female,33,Bachelors,3,60.61912481241572,0
Male,43,Bachelors,17,67.92657723743211,0
Female,42,Masters,19,71.37372838798224,0
Female,42,High School,14,62.43527102047663,1
Male,41,Bachelors,10,79.80413665988927,0
Male,42,Bachelors,11,73.99706539441223,0
Female,48,Bachelors,8,61.627581063946444,1
Male,29,Bachelors,12,64.77594883077629,0
Male,46,Masters,14,54.8323030360968,1
Female,29,High School,14,57.466591044651636,0
Female,35,High School,4,73.87598328212361,0
Male,30,Masters,18,61.73135443930171,0
Female,44,Masters,19,88.04284453049092,0
Male,46,High School,13,70.70923200309143,1
Male,45,Bachelors,16,56.471765748960046,0
Male,49,Bachelors,17,58.56652713932437,0
Female,30,Bachelors,2,80.52969694681428,0
Female,28,Bachelors,1,69.23486397390926,0
Female,44,High School,0,79.91994826557635,0
Female,36,Bachelors,9,66.33512019921935,0
Female,37,Masters,18,64.3976790749649,0
Male,46,Bachelors,16,81.19447371034386,1
Male,47,Bachelors,11,61.414226229714075,0
Male,25,High School,0,74.89054133370362,1
Male,24,PhD,11,67.88216389598632,1
Female,38,Masters,16,78.78723413375775,0
Male,44,Masters,2,88.184839875358,1
Female,39,Masters,10,66.0782231679899,1
Male,24,Masters,16,64.52857861203545,0
Female,48,Bachelors,2,76.65808389037356,1
Female,27,Bachelors,7,59.17996404796932,0
Male,30,Bachelors,19,86.16465457850035,0
Male,45,Masters,3,84.46022550056473,1
Male,38,Masters,6,60.008803608395695,0
Male,39,Bachelors,13,54.16875180593094,0
Female,24,High School,13,58.39422847143782,0
Male,30,Bachelors,3,58.54630360040882,1
Male,21,Masters,15,78.01760564354977,1
Female,43,Bachelors,0,85.49170315779403,0
Male,38,Bachelors,16,77.90126212618824,1
Male,25,Bachelors,9,67.63807783383542,0
Male,35,Bachelors,15,73.42498466910413,0
Male,37,Masters,15,61.30221967194964,1
Male,23,Bachelors,7,80.97208045564233,1
Female,32,Masters,6,74.32028939982533,0
Male,22,Bachelors,5,77.73197782016463,0
Male,21,Bachelors,15,62.72464298140224,1
Male,43,Bachelors,19,68.31402813131353,1
Male,41,Masters,15,77.25073139981203,1
Male,37,Bachelors,6,84.43512899523614,0
Female,42,Bachelors,8,63.91900240551415,1
Male,36,Bachelors,13,77.8045190717082,1
Female,25,Masters,10,62.87928203389716,0
Female,35,High School,13,91.17193772826609,1
Male,23,Masters,6,65.85175291727471,1
Male,48,Bachelors,0,76.43505174052112,1
Male,27,Bachelors,12,71.65609615233633,1
Male,31,High School,19,96.05303121360492,1
Female,30,Bachelors,2,72.29901608024564,1
Male,29,Bachelors,19,64.84943977009871,0
Male,34,High School,3,76.39506512613063,1
Male,33,Bachelors,10,76.17240866775373,1
Male,49,Masters,1,68.42530136241058,1
Male,45,High School,13,59.052341357718916,0
Male,45,Masters,11,64.72001138609643,0
Female,22,Bachelors,16,78.81498948144919,0
Female,23,Bachelors,11,52.52551053766037,1
Male,27,Bachelors,11,67.51954100614287,1
Male,41,High School,0,79.94863921816783,0
Male,38,High School,12,69.06503780999952,0
Female,23,High School,13,91.73710139552743,0
Male,30,High School,1,52.553497597013475,0
Female,42,Bachelors,11,60.38632131080566,1
Male,49,Masters,15,46.85366197747212,0
Male,27,Masters,3,89.93690566745299,0
Male,29,Bachelors,7,60.550128492483694,0
Male,37,High School,1,50.13078688271667,0
Female,31,Bachelors,9,63.880806855745654,1
Female,27,Bachelors,8,56.0719089181153,0
Male,44,Bachelors,14,63.952151096945975,1
Male,48,Bachelors,12,70.41229250944903,0
Female,34,Bachelors,16,78.04921104047101,0
Female,39,Bachelors,15,68.25331059889062,0
Female,24,Bachelors,1,70.25290699334676,1
Female,46,Masters,19,64.1840477692987,0
Male,26,Masters,19,54.88301772750341,1
Female,30,Bachelors,13,51.53459757034099,1
Male,27,Masters,2,66.3551421966364,0
Female,33,PhD,11,70.84639778543213,1
Female,34,Bachelors,7,65.6138547877375,1
Female,24,Bachelors,1,51.906730071386576,0
Female,28,Bachelors,3,72.01400093268172,0
Female,25,Masters,13,86.29304882904314,1
Male,21,Masters,15,68.85353486488852,0
Male,24,High School,18,64.20469422423918,1
Female,23,Bachelors,1,69.39505959756481,0
Female,29,Bachelors,11,58.95620155436881,0
Male,28,Bachelors,13,58.31100870703851,1
Female,21,High School,5,74.51414088094637,1
Female,47,Masters,12,79.90321529032332,0
Male,26,Bachelors,3,68.5290164780558,1
Female,29,Masters,17,50.26234952384233,0
Female,27,Masters,11,73.5334892653575,0
Male,24,Masters,19,90.67382170337449,1
Male,33,Bachelors,18,67.56101836551716,0
Male,37,Bachelors,7,68.22154224596576,0
Female,48,High School,6,61.273664698860614,0
Male,22,Bachelors,15,74.8135399789341,1
Male,48,High School,18,63.29016535505387,0
Male,25,Bachelors,5,80.21501897668594,0
Male,32,Bachelors,19,63.424194535148445,1
Male,47,High School,10,73.41791468118964,0
Male,41,High School,4,69.5365575394044,1
Female,28,High School,15,85.55111619309301,1
Female,26,Masters,6,74.09479386198049,0
Male,28,Masters,4,83.8700731912492,0
Male,38,Bachelors,10,71.08623500777166,0
Male,23,High School,14,68.29259699485718,1
Female,42,High School,2,69.61809230464775,1
Female,32,High School,4,62.285907986228075,0
Female,49,High School,4,75.31668783703871,0
Female,46,Masters,8,63.09641659196513,0
Female,23,Bachelors,14,71.1246304151785,0
Female,42,Bachelors,2,78.55201966463912,0
Female,26,High School,5,85.83548909776938,1
Female,22,Bachelors,16,71.6286008386499,0
Female,43,Bachelors,7,78.61207056066033,1
Male,32,Bachelors,10,77.41887750380815,0
Male,22,Bachelors,5,66.17622909179025,0
Male,26,High School,7,91.07803454424177,0
Male,37,Bachelors,9,64.23757797121057,1
Female,23,Bachelors,2,70.90994626149565,0
Female,22,Bachelors,13,84.54119753398427,0
Male,43,PhD,13,84.29458242798823,0
Female,40,Bachelors,9,70.14320398035662,1
Male,28,Bachelors,11,79.90416747840628,0
Female,42,Bachelors,5,67.76027663556445,0
Male,32,Bachelors,11,65.11321109700941,1
Female,46,Bachelors,13,57.8721092688156,1
Female,24,Bachelors,1,77.2388136547928,0
Male,25,Masters,8,78.29220931268456,1
Female,33,High School,9,64.32110704444338,0
Male,49,Bachelors,16,72.68100033985235,1
Male,35,Bachelors,16,96.50988427871934,1
Male,45,Masters,2,81.46682300117364,0
Male,43,Bachelors,18,60.985160574211385,1
Female,36,Bachelors,0,80.01562279763388,0
Female,30,High School,11,61.03138218749319,0
Female,45,Bachelors,6,41.04781688145315,1
Male,43,High School,3,69.79587856733872,1
Female,36,Bachelors,9,85.63201459592985,0
Male,32,High School,12,83.9744796043694,0
Female,37,Bachelors,1,73.77235169092654,0
Female,36,Bachelors,9,64.58270586750106,1
Female,32,Bachelors,3,74.86449683912646,1
Male,28,Masters,17,67.3083982968909,1
Female,40,Bachelors,4,64.8634430803069,0
Female,23,Bachelors,18,80.62002202305571,1
Male,36,Bachelors,1,64.73964220289407,1
Female,33,High School,11,81.27236556476076,1
Male,43,Masters,16,64.07814038036187,0
Female,48,High School,9,90.5849195482289,0
Male,39,Bachelors,1,53.59365559714881,0
Male,28,Bachelors,5,60.43230668295432,1
Female,42,Bachelors,7,68.44632265809678,0
Male,25,Bachelors,18,50.159560968119365,1
Male,40,Bachelors,10,44.29013857244834,0
Male,28,High School,11,50.245923830893915,1
Male,44,Masters,8,67.07910789688992,0
Male,32,Bachelors,1,67.33289990115887,0
Male,21,Masters,7,73.32999481232866,0
Female,45,Masters,10,68.02998518223657,0
Male,41,Masters,3,72.99516464510849,0
Male,40,Bachelors,9,65.49783585561597,1
Female,26,Bachelors,19,77.1481575747168,0
Female,42,Masters,15,75.94310003173521,0
Female,38,Bachelors,7,66.73307380142481,0
Female,28,High School,3,75.3301143467239,0
Female,27,Masters,9,68.09354064051331,0
Female,21,Masters,11,54.77674084606895,0
Female,41,Bachelors,13,79.04496641382622,0
Male,36,High School,15,60.93183953401571,0
Male,32,Bachelors,17,78.93823955141767,1
Female,26,Masters,11,73.24026772117024,0
Male,40,Masters,17,69.15477690982877,0
Male,22,Bachelors,6,51.23006604548914,0
Male,49,High School,19,85.39745557414443,1
Female,34,Masters,6,66.36886138645912,1
Female,24,Bachelors,8,76.34563587155583,1
Male,21,Bachelors,0,68.86025876629219,0
Female,43,PhD,5,67.28564664437611,1
Male,38,High School,5,71.92807838396989,0
Male,33,Bachelors,11,70.26572283441847,0
Male,22,High School,11,67.33007209824213,1
Male,29,Bachelors,9,69.44685441387847,0
Female,41,Masters,5,74.2706465627171,1
Female,22,Bachelors,16,74.97819176758294,0
Female,47,PhD,18,70.43357212743929,1
Male,45,Bachelors,17,76.20936989814439,1
Female,29,Bachelors,5,65.75930195556913,0
Male,21,Bachelors,18,92.24886380996455,0
Female,31,Bachelors,9,84.85588608007781,0
Male,23,Bachelors,7,77.6244299483161,1
Male,40,High School,5,50.584195061629494,0
Male,43,Bachelors,6,76.06019138854982,1
Female,46,Bachelors,0,66.63362917137945,1
Female,24,Masters,17,60.21319268590647,0
Female,38,Bachelors,19,66.3790394969518,0
Female,43,Masters,11,61.3216526607058,1
Male,26,High School,15,75.06803093759505,0
Female,23,Bachelors,9,86.15994062563227,0
Female,42,Bachelors,9,78.26028791706781,0
Male,31,Bachelors,13,97.62525240789586,0
Male,35,High School,19,54.46387570424595,1
Male,42,Masters,9,64.93965295530893,0
Female,48,Masters,9,60.5697480765769,1
Male,25,Bachelors,10,82.29368314359859,0
Male,40,High School,1,67.79449643021462,1
Male,30,Masters,19,71.89516196477254,0
Female,32,Bachelors,7,76.33685531973059,0
Male,35,Masters,6,55.45211149463258,0
Female,37,Masters,7,63.78651036795003,1
Female,30,Masters,0,79.97265953697914,1
Male,26,Bachelors,1,64.5191209949208,0
Male,38,High School,17,52.863570309313076,0
Female,33,Bachelors,14,60.97737112315752,0
Male,23,Bachelors,0,67.13731946394735,0
Male,44,Masters,4,71.66760519889428,1
Female,30,High School,1,69.29186690049481,1
Female,34,High School,19,63.85782158057026,0
Male,26,Masters,2,79.3931343884847,1
Female,23,Masters,18,68.70939063438091,0
Male,36,Masters,17,72.09401361997924,1
Male,27,Masters,17,64.39044022611569,0
Male,40,Bachelors,13,85.08940264240212,0
Female,34,Bachelors,7,66.08368894793139,0
Male,29,Masters,11,70.7469286659326,0
Male,35,Bachelors,9,80.3499944212688,1
Male,41,Bachelors,19,72.8004226105996,1
Female,23,High School,16,72.55089696437481,0
Female,22,Bachelors,10,50.26344490603387,1
Female,47,Masters,1,76.80635001693885,0
Female,22,Bachelors,3,70.5558694021349,1
Female,23,Bachelors,0,75.4156510317255,0
Male,38,Bachelors,14,71.83213048368836,0
Female,34,Bachelors,12,64.40842442877128,0
Female,40,Bachelors,7,78.94307166549595,0
Female,38,Bachelors,3,71.98126611279916,1
Male,30,Masters,9,57.1061350895709,0
Female,45,Bachelors,18,83.08517156346163,0
Female,22,High School,17,55.69520435612528,0
Male,45,High School,4,79.00929234250542,1
Female,49,Bachelors,18,84.86931771930207,1
Male,42,Bachelors,15,58.93704564036737,0
Male,21,Masters,0,68.77238213262112,0
Male,24,Bachelors,11,67.84051753865823,1
Male,34,Masters,1,68.29028844819112,0
Male,21,Bachelors,7,88.30238355233064,0
Female,34,Bachelors,17,59.05281127082881,0
Male,36,Bachelors,15,66.93432955121001,0
Male,42,Masters,4,85.03322498821751,0
Female,34,Bachelors,12,66.77051171660852,1
Male,49,Bachelors,18,60.642202841335035,0
Female,40,Bachelors,2,72.63014681769748,1
Female,23,High School,7,78.05640541707015,0
Female,23,Bachelors,11,66.07159029851702,1
Male,29,Bachelors,1,75.54368390807545,0
Male,26,Bachelors,10,56.23384905925437,0
Male,45,Bachelors,11,56.78972916581405,0
Female,33,Bachelors,17,65.59913719747372,0
Male,41,Masters,12,75.90017419991727,0
Male,22,Masters,4,77.61497980985087,1
Male,28,Masters,11,58.17983952541937,0
Female,41,High School,1,77.2442070473258,1
Female,22,High School,4,71.6650704043478,1
Male,24,Bachelors,6,61.207953055486826,0
Male,45,Bachelors,11,56.658116479770015,1
Male,35,Bachelors,15,72.29823154904325,0
Male,24,High School,7,82.89563224165445,0
Female,33,Bachelors,8,70.35522430777957,0
Female,48,High School,14,60.65079150593763,0
Female,32,Masters,4,51.31977712920573,0
Female,48,Bachelors,12,85.29490846888609,1
Male,33,Bachelors,4,80.41850610319761,0
Male,34,High School,10,73.02076848771601,0
Male,40,Bachelors,9,84.7799396726546,1
Female,38,Bachelors,19,72.23919099753594,0
Male,49,Masters,12,64.68963049382317,0
Female,48,Masters,8,75.5513224505021,1
Female,26,Bachelors,13,61.70274323732208,0
Male,49,Masters,17,60.04352182146819,0
Male,31,PhD,14,77.71607109607268,0
Male,22,Masters,9,78.55758767564082,0
Female,48,Masters,6,57.262617195125905,1
Male,43,Bachelors,7,57.63202317558144,1
Female,39,Bachelors,2,65.54950306366989,0
Male,39,High School,14,62.88695166820337,0
Female,25,High School,15,74.76488763165369,0
Female,39,PhD,3,70.48049837765589,1
Male,22,Bachelors,5,81.64906257636605,0
Female,30,Masters,0,73.17257725233983,0
Female,45,Masters,3,63.55423170328322,1
Male,22,Masters,10,51.08871138113554,1
Female,31,PhD,11,71.79455984277178,0
Male,38,Bachelors,4,52.89671889763723,0
Female,49,High School,15,63.43044763079164,0
Male,44,Bachelors,12,62.78273221903324,0
Male,35,High School,12,64.91572885116568,1
Female,29,High School,16,56.839657400731426,1
Female,43,Bachelors,6,62.747233918900506,1
Female,39,Masters,7,81.459045784518,0
Female,29,Bachelors,12,81.43148487574933,0
Female,23,Bachelors,15,85.3249977546597,0
Male,41,Bachelors,3,70.10146525743774,0
Female,29,Bachelors,7,72.71219128898247,1
Male,48,High School,15,81.60611417693659,0
Male,34,Masters,9,55.293390430628826,0
Female,39,Bachelors,11,78.05628506703701,0
Male,27,Masters,11,83.02344723395655,0
Male,36,High School,4,61.11039673962376,0
Male,36,Masters,15,83.82639145603659,1
Male,48,Bachelors,0,90.57716080301583,0
Female,21,Bachelors,8,77.77846670510829,1
Male,24,Bachelors,11,75.94504368660124,0
Female,24,Masters,4,58.802239508707416,0
Female,27,Bachelors,19,80.69203929040924,1
Male,28,Bachelors,2,59.744093473628865,0
Female,37,PhD,4,73.69740802640364,1
Female,25,Masters,1,74.71095107331024,0
Female,27,Bachelors,13,37.037469880174704,0
Male,48,Masters,1,74.0580338353575,1
Female,40,Bachelors,12,96.21474786478488,1
Female,49,Bachelors,6,49.08143577729528,1
Female,40,Bachelors,9,69.46108005986865,0
Male,24,Masters,12,50.528846232653805,0
Female,48,Masters,15,61.05858561194823,1
Male,26,Bachelors,13,50.70223145179696,1
Male,27,Bachelors,10,71.59542326997217,0
Male,38,Bachelors,9,77.93604803259595,0
Male,25,PhD,5,74.09738632769091,1
Male,40,PhD,3,60.69817530542428,0
Male,49,Bachelors,0,63.906052434040724,0
Female,23,Masters,6,72.7227268608564,1
Male,27,Masters,8,61.010760098610795,0
Female,47,Bachelors,7,56.71204891484358,0
Female,48,High School,4,67.60872939898039,1
Male,42,Bachelors,18,60.552917907275926,0
Female,34,Bachelors,9,74.11557917253643,1
Female,27,Bachelors,10,82.98697400316917,0
Female,25,Bachelors,14,95.97583402705763,0
Female,49,Masters,5,73.3806691213965,0
Male,42,High School,14,76.45972162819537,1
Female,25,Bachelors,4,64.00682656705872,0
Male,43,Bachelors,18,64.62623225778455,0
Female,22,Bachelors,18,82.84056246540939,0
Female,47,Bachelors,9,67.23672199853222,0
Male,41,Bachelors,11,70.72947378605782,0
Female,42,High School,3,82.22975670128335,0
Female,26,Bachelors,17,67.3137282811341,0
Female,35,Bachelors,15,85.00420437688149,0
Male,41,High School,7,75.73029336051405,1
Female,30,Masters,3,74.55398170978215,1
Male,43,Bachelors,11,63.51810852932656,0
Female,46,Bachelors,1,75.09125995050105,0
Male,44,Masters,3,65.70954052133753,1
Male,27,High School,4,74.69408856195705,1
Female,25,High School,2,68.98174934239572,0
Female,21,Masters,8,79.6680957098412,1
Male,33,Bachelors,17,69.68228827203245,0
Male,41,Bachelors,10,90.37857550236697,0
Female,46,Masters,2,67.24453021604273,0
Male,38,Masters,1,64.6542523797649,1
Female,33,PhD,8,73.46113786801254,0
Female,41,Bachelors,13,80.77871055827474,1
Female,41,Bachelors,3,80.70098484827274,0
Female,38,Bachelors,8,71.66781444402497,0
Male,25,High School,12,73.39089160804785,0
Female,33,Bachelors,17,73.40538057372423,1
Male,24,Bachelors,14,59.22127186371875,0
Female,37,Masters,9,80.24073441766097,0
Male,23,Bachelors,15,57.42143567879333,0
Female,37,Bachelors,11,59.24001324215208,1
Male,48,Bachelors,19,70.55027084521465,0
Male,31,High School,4,66.80140265854459,0
Female,41,High School,1,77.9615739937545,0
Female,40,Bachelors,9,74.4735267267018,1
Female,43,High School,0,71.38201387070693,1
Female,41,Bachelors,6,58.7446600402795,1
Male,46,Masters,16,70.26560104863403,0
Female,24,Masters,15,69.47488530878583,0
Male,22,Bachelors,2,72.2218673690217,1
Male,40,Bachelors,13,65.69961994572363,0
Female,36,Masters,9,75.22817537993544,0
Male,48,Masters,6,66.53438962293133,0
Male,38,High School,16,74.29113465129112,1
Male,28,Masters,5,77.9604757408575,0
Male,23,Bachelors,3,64.65404501347626,0
Female,29,Masters,16,62.27841529818515,1
Female,49,PhD,8,74.7636615646934,0
Female,40,High School,3,56.7890031928557,0
Female,49,Masters,6,81.11664754892062,1
Male,26,Bachelors,1,70.10962617116975,1
Male,30,PhD,16,68.85241598101635,1
Female,41,Bachelors,7,75.46015918351226,1
Female,30,Masters,14,74.83954520422097,0
Female,33,High School,14,70.06518074978908,1
Male,37,Bachelors,7,78.78616410601914,0
Female,29,High School,15,63.27611694649748,1
Female,37,PhD,18,77.12356493293625,1
Female,44,Masters,10,59.21376528330924,1
Male,29,Masters,1,75.10648991065133,1
Male,29,Masters,16,66.72126703533043,1
Male,21,High School,15,56.889139376308094,0
Male,22,Bachelors,14,72.56642817144373,1
Male,48,High School,12,69.6557350684927,0
Male,36,Bachelors,14,54.572744905178716,0
Male,49,Bachelors,3,48.863344574402696,0
Male,21,Bachelors,15,68.47736166582506,0
Female,30,Bachelors,11,86.18225960701827,1
Female,38,High School,3,73.2101500820591,1
Male,46,High School,2,63.31696763285556,0
Male,48,High School,16,80.81869515687856,0
Female,28,PhD,17,79.07223617874558,0
Male,41,Masters,17,82.71579077989387,1
Male,48,PhD,16,76.83897764342707,0
Male,31,Bachelors,11,78.85902323111208,1
Female,43,Bachelors,3,77.31108531012563,1
Female,22,Masters,11,65.22495052583572,0
Female,28,Bachelors,19,53.62719260596405,1
Female,47,Bachelors,14,64.78864604206949,1
Female,42,Bachelors,15,81.04936977001354,1
Male,28,High School,4,66.18989163905428,0
Female,37,Bachelors,14,68.54540948892644,0
Male,35,Bachelors,16,58.34215066853555,1
Male,37,Bachelors,17,64.48910427840777,0
Female,48,High School,4,69.90910833216574,1
Female,43,Bachelors,12,74.92562177858753,0
Male,44,Masters,18,65.41339032824334,0
Male,33,High School,12,64.714625743823,0
Male,39,Bachelors,17,78.42175565148868,0
Female,25,Masters,13,73.25266526438224,0
Female,32,High School,3,74.48672465192149,0
Female,21,High School,3,85.28320586068371,0
Female,43,Bachelors,19,64.94925611589643,1
Female,25,Bachelors,19,69.50980829518365,1
Male,28,Bachelors,18,75.51159774423147,0
Female,33,Masters,12,61.284926383419865,0
Male,28,High School,11,72.2904973825212,0
Male,45,Bachelors,6,70.22196497259101,0
Male,43,Bachelors,11,97.77299411569123,0
Female,31,High School,3,70.99869501665073,0
Female,21,Bachelors,1,81.56939765564331,0
Female,33,Bachelors,1,78.29943213846843,1
Male,39,Bachelors,4,58.434383968590126,0
Male,44,High School,9,54.511761620393,1
Male,23,Bachelors,9,72.47014605366294,0
Male,44,Bachelors,8,82.57334662146954,1
Male,37,Masters,12,72.87914819563174,0
Male,25,High School,6,70.78851804017174,0
Female,40,Bachelors,4,67.1591334705075,0
Female,41,Bachelors,9,56.76038753403596,0
Female,28,Masters,9,60.39479282410988,0
Female,46,Bachelors,5,53.77686311160302,0
Male,34,Bachelors,18,58.969534008867484,1
Male,24,Masters,7,64.7399176257065,0
Female,31,Masters,0,77.76016021516986,1
Male,40,Bachelors,16,65.54932739204402,0
Female,35,Bachelors,6,72.55625785549718,1
Female,39,Masters,13,71.35229211176681,0
Female,27,PhD,16,74.99048835482974,0
Male,39,Masters,8,59.65185068482741,0
Female,48,Bachelors,16,80.59193715123548,0
Female,39,High School,4,55.928230150464074,0
Female,31,Bachelors,19,65.52186797613393,0
Male,46,Masters,7,69.79094592223422,1
Male,25,Bachelors,5,77.60144848149747,1
Female,25,Bachelors,10,83.79309335550754,0
Male,42,Masters,18,77.6803152012839,1
Male,28,Bachelors,3,84.15916357455859,1
Male,30,Masters,17,61.70824070492695,1
Male,26,Bachelors,0,81.90370480071209,0
Male,35,Bachelors,12,80.186567299133,0
Male,36,Bachelors,13,46.03724942974337,0
Male,48,Masters,0,67.79535756105723,1
Male,37,High School,10,76.02037423381782,0
Male,28,High School,16,64.84586134554561,0
Male,28,PhD,3,59.141748277037635,0
Female,45,High School,11,91.14175217941875,0
Female,29,Bachelors,9,71.11040150970906,1
Male,22,Bachelors,5,71.3840543415406,0
Female,35,Bachelors,0,56.91005885124934,1
Female,38,Bachelors,6,63.876390042037606,1
Male,23,Bachelors,15,61.02159370628097,0
Male,37,Bachelors,13,80.78975230139304,0
Male,24,Bachelors,19,75.04633620926052,1
Female,24,Bachelors,19,64.29436307193471,0
Female,34,High School,5,75.60500238666215,0
Male,29,Bachelors,4,67.46479854258922,0
Male,29,High School,17,72.34490717978542,0
Male,45,Bachelors,14,72.29763887185706,0
Female,46,Bachelors,5,74.202672104796,0
Female,43,High School,18,72.99651923396746,0
Female,38,Masters,0,74.21049651164908,0
Female,30,Bachelors,0,82.55808310485574,1
Male,41,Masters,12,76.40562753073525,0
Male,24,PhD,2,66.6309823727404,1
Male,32,Bachelors,9,69.02047254014825,0
Male,47,High School,2,82.30170587997067,1
Female,28,Bachelors,8,71.12422454948215,0
Female,22,Masters,7,66.259815826429,1
Male,42,Bachelors,2,63.68861657869964,0
Male,33,High School,12,72.73038108166247,1
Female,41,Bachelors,5,61.451431974544235,0
Male,36,Masters,12,82.84795423834306,0
Female,48,Masters,19,59.6218164624292,0
Male,22,High School,19,84.78067725519422,1
Male,31,Bachelors,11,67.1476968412755,1
Male,30,Bachelors,12,59.23262646372344,0
Male,35,Bachelors,1,71.89175738565376,1
Male,37,Masters,15,60.46960841785711,1
Male,28,Bachelors,5,70.3437176103026,1
Male,38,Bachelors,18,64.22456468400668,1
Female,43,High School,12,79.45073267869091,1
Female,29,Masters,16,71.36749609937632,0
Female,45,Masters,8,58.11499167925465,1
Female,28,Bachelors,16,64.02963459573995,0
Female,47,Masters,1,77.0494724959313,1
Male,34,High School,18,82.87092103790475,0
Male,48,Bachelors,18,69.54725192532317,0
Female,46,Bachelors,6,59.556034381310965,0
Male,45,High School,9,80.54036310850888,1
Female,38,Bachelors,9,77.00563674893375,1
Female,42,Masters,19,83.0653958430255,0
Male,40,High School,8,72.90209118421306,1
Male,40,Bachelors,16,64.79403084203108,1
Male,41,Bachelors,14,75.1688848539558,1
Female,32,Bachelors,1,73.26329223441581,0
Male,39,Masters,3,64.25126308153965,1
Female,34,Bachelors,18,71.98638583847406,0
Female,37,Bachelors,16,68.04974111177954,1
Female,44,Masters,4,77.4353784498368,0
Male,41,High School,6,74.92006910315435,0
Male,23,Bachelors,17,59.4840860671881,1
Female,46,Bachelors,6,58.47577420639009,0
Male,43,Bachelors,16,69.10188826426446,0
Male,27,PhD,6,70.32819285379315,1
Male,37,Masters,3,77.60976774091827,0
Female,32,Bachelors,7,75.13303910561889,0
Female,29,Masters,12,84.58685643212742,0
Male,35,High School,3,65.3280653572457,0
Female,38,High School,5,64.75713930572793,0
Male,41,Bachelors,4,60.40185994354956,0
Male,33,Bachelors,11,77.4940711477508,1
Male,41,Bachelors,3,70.2175218401596,0
Male,28,Bachelors,8,51.46396483038354,0
Female,34,Masters,3,72.02165377707892,0
Female,28,Bachelors,18,72.6597016781707,0
Female,34,Bachelors,13,68.55653057252157,1
Male,27,High School,4,72.96654852958417,1
Male,43,High School,17,57.79764300774279,0
Male,32,Bachelors,9,86.41031834100028,0
Female,31,Bachelors,18,73.80259426075924,0
Male,42,Masters,11,52.263011169213776,1
Female,42,High School,17,69.94102900669891,0
Female,31,High School,16,74.06720199652115,0
Female,45,Bachelors,10,58.87067925076951,0
Female,42,Bachelors,2,75.33630279013438,1
Female,48,High School,16,86.80925623008665,1
Female,49,Masters,0,63.55630939450471,1
Male,33,High School,14,74.28438695869944,0
Male,38,Bachelors,8,72.08598598992197,0
Female,22,Bachelors,14,79.68289999812382,0
Female,49,High School,2,68.91158095375857,1
Male,41,Bachelors,18,59.33283373638131,1
Female,35,Masters,12,79.04182246974706,0
Female,40,Bachelors,11,59.927394092798565,0
Male,47,Masters,19,88.08861377892944,0
Female,38,High School,0,75.60769349015168,0
Female,35,Masters,16,64.01107263384635,0
Female,39,Bachelors,12,81.08651612506259,0
Male,43,Bachelors,0,69.90810965969115,0
Male,44,Bachelors,9,67.78594439005977,0
Male,32,Masters,14,63.19130623902235,1
Female,33,Bachelors,6,51.21821000468162,0
Female,42,High School,17,76.04392570366828,0
Male,31,High School,15,53.718732381823926,0
Female,25,Masters,13,62.067056681486214,1
Female,49,Bachelors,17,74.32844553850278,1
Female,21,Masters,6,64.99323598504485,0
Female,44,Bachelors,16,71.57151870790949,0
Female,23,Bachelors,17,57.86304686050347,0
Male,42,High School,11,66.51540626862098,1
Female,39,PhD,7,71.63385704958188,1
Male,43,Bachelors,1,60.48527484064278,1
Female,49,Masters,6,86.86363477741921,0
Male,27,Bachelors,3,63.625760871192725,1
Female,32,Bachelors,17,83.78416788015906,1
Male,35,Bachelors,5,68.32194455253533,1
Female,45,Bachelors,8,54.315244339186464,0
Male,25,Masters,8,58.63099191404348,0
Female,35,Masters,13,71.7607928893138,0
Male,28,Masters,7,80.32775752558423,0
Female,30,Masters,18,87.69777132625363,0
Male,46,Bachelors,2,71.28218728593295,1
Male,36,Bachelors,17,58.22756252505418,1
Female,28,PhD,4,72.78485080544745,1
Female,21,High School,13,61.747853266398465,0
Male,32,Masters,3,73.92191621194551,0
Female,25,Masters,6,60.5852544759445,1
Male,23,Bachelors,19,49.10429762830188,0
Male,21,PhD,11,83.16855659619898,0
Male,24,Bachelors,1,67.73583268654738,1
Female,28,Bachelors,10,70.49660333816581,1
Male,23,High School,13,79.96701374239521,0
Male,30,Bachelors,15,88.78846709331455,1
Female,22,Bachelors,19,77.20080652148957,1
Female,31,Bachelors,5,71.03001616203612,1
Female,45,Masters,3,74.6287287611324,1
Female,30,Masters,14,67.05216956713363,0
Male,41,High School,0,70.3611437848964,1
Male,34,Bachelors,6,71.44863637859184,0
Male,27,Masters,11,62.133747431968665,0
Male,47,High School,9,70.21173586877877,1
Female,47,High School,4,73.6710185250393,0
Male,22,High School,11,75.1701689757555,1
Male,29,Bachelors,17,74.37323782429314,1
Female,36,High School,9,56.609747819256256,1
Male,33,PhD,5,82.29258942599657,1
Male,29,Bachelors,11,81.46281227453815,0
Male,40,Bachelors,6,69.0385159178121,0
Male,24,Bachelors,17,74.55508695105434,0
Male,42,Bachelors,1,67.83446232891492,0
Male,30,Bachelors,9,77.51957662811466,0
Female,46,Masters,14,61.85728153866631,0
Female,46,Masters,11,83.42460595290925,1
Male,42,Bachelors,16,77.02207611817957,1
Male,32,Masters,3,77.25433791568891,1
Female,37,Masters,6,68.94947123574183,1
Male,34,Masters,8,55.873814950673065,0
Male,34,High School,18,78.8393470012077,0
Male,45,High School,6,56.2043866509745,0
Female,22,Bachelors,1,78.95972660224545,1
Male,41,Bachelors,5,62.27872783167777,0
Female,45,Bachelors,17,54.12951345969396,1
Male,40,Bachelors,5,70.0099970371353,0
Female,31,Masters,12,81.82800550538407,0
Female,36,Masters,18,60.34396251581313,0
Male,39,Masters,1,85.99034624394827,0
Female,43,Bachelors,11,76.56740543830675,0
Male,26,Bachelors,14,71.56759522365877,1
Female,44,Bachelors,13,65.64375743760887,1
Male,39,High School,5,66.3410264820519,0
Male,25,High School,17,74.30167228750891,1
Female,46,Bachelors,4,78.4604085851906,0
Male,24,Bachelors,17,64.06503782347912,1
Male,35,Masters,2,61.93486672715232,0
Female,49,High School,2,67.86173181578133,1
Male,24,Masters,9,83.93628675857344,0
Male,40,Bachelors,18,57.831116596635326,0
Female,30,Bachelors,2,81.42477644742772,0
Female,44,Bachelors,11,70.42279831593133,0
Male,42,Bachelors,15,53.472608568413854,0
Male,23,Bachelors,16,65.38367598434317,0
Female,46,Bachelors,6,76.09668072940272,1
Female,25,High School,12,88.01813945040762,1
Male,26,High School,1,56.72627276618432,1
Female,41,Bachelors,3,41.80823523944742,1
Male,42,Masters,9,56.90447184542063,1
Male,28,Bachelors,6,81.30415507866506,0
Male,27,Masters,16,52.062582929315795,0
Male,41,Bachelors,19,84.97253890879387,1
Male,30,Masters,5,82.14808947761921,1
Female,26,Masters,18,71.91036242062758,0
Female,34,Bachelors,4,63.73634689652972,0
Female,24,Bachelors,9,70.55260625817142,0
Female,48,Masters,8,76.11087352140102,1
Male,45,Bachelors,12,74.58476464725298,0
Male,33,Bachelors,18,87.39659373270105,1
Male,40,High School,5,67.39897550173504,1
Male,37,Masters,3,56.99157026377002,1
Female,43,Masters,2,55.22719292867875,0
Male,27,High School,2,53.2270873194085,0
Male,24,Bachelors,3,71.96278922535606,0
Female,49,Bachelors,4,67.65631299277543,0
Female,34,High School,7,70.32654602894272,1
Female,23,PhD,15,64.62940459193817,0
Female,44,Bachelors,2,58.89833141277323,0
Male,25,High School,11,76.14335884627452,0
Male,36,Bachelors,7,45.369361001537484,1
Female,46,Masters,12,61.98404432246264,0
Male,43,High School,3,77.86490159968392,1
Male,40,Bachelors,13,60.991615732969635,0
Male,24,Bachelors,13,73.91675419798497,0
Female,44,High School,12,61.997409044635354,0
Male,44,High School,5,65.44155126169713,0
Female,22,Bachelors,16,75.74920515804799,1
Male,38,Bachelors,3,57.221516829368674,0
Male,39,Masters,7,77.45278330076346,0
Male,48,Masters,16,70.45920492447766,1
Female,48,PhD,2,82.5643886737903,1
Male,39,Bachelors,16,72.08149971646739,1
Female,37,PhD,8,59.30513379520652,0
Female,34,Bachelors,1,87.27994421941236,0
Female,39,Bachelors,12,60.14057055197843,1
Male,42,High School,19,67.72843915866058,1
Male,44,High School,1,79.57408926961773,1
Male,33,Bachelors,19,51.20072225316362,0
Male,32,Bachelors,10,84.39668980113873,1
Female,46,Bachelors,14,58.49115707673686,1
Female,26,Bachelors,10,65.45000580162427,0
Female,41,Bachelors,2,72.88857904197675,1
Male,24,Bachelors,2,69.582941439146,1
Female,39,Bachelors,11,77.89176058450454,0
Male,36,Masters,4,53.9919242902895,0
Female,33,Masters,19,77.27451353772717,1
Male,24,Bachelors,6,78.0724238777353,0
Male,43,Bachelors,6,80.29225829245892,0
Female,37,Bachelors,12,54.103392280335896,0
Female,43,Masters,8,55.31064766170978,0
Female,21,Bachelors,12,66.57624350341489,1
Female,38,Bachelors,11,56.39174218697299,0
Male,40,High School,12,51.960321005854965,0
Female,37,Bachelors,9,66.14535942778835,1
Female,47,Bachelors,0,72.34091361457764,0
Female,48,Masters,7,97.98979530294659,0
Male,47,Bachelors,15,75.48675154045691,1
Male,35,Bachelors,12,87.52269999899819,0
Female,31,Masters,2,69.55848913626423,0
Male,45,Masters,2,75.59565992867293,1
Female,48,Bachelors,4,68.53862304467225,1
Male,42,Bachelors,10,96.83123216716889,1
Male,33,Bachelors,6,63.14409136470942,1
Male,21,Masters,9,64.50025699866809,1
Male,37,High School,9,77.96540687656204,1
Female,26,Masters,19,72.07472903639326,1
Female,24,Bachelors,1,65.75837996522884,0
Female,40,Bachelors,2,79.60377148738156,0
Male,36,High School,7,69.58852835268878,1
Female,35,Bachelors,10,69.51803272552611,0
Female,47,Bachelors,12,72.30582307528891,0
Female,35,High School,6,52.658793104876615,0
Male,26,Bachelors,12,54.06746008210564,0
Male,35,PhD,1,80.86895612586808,0
Male,34,Bachelors,5,63.23038329082495,1
Female,48,Masters,8,68.67048651790304,1
Female,31,High School,19,86.12438636122927,1
Female,27,Bachelors,1,69.12132544070415,1
Male,29,High School,17,67.89911185892839,0
Male,46,Bachelors,15,78.96077589495289,0
Female,36,Masters,11,64.0173508344714,0
Male,25,Bachelors,6,82.0292922928204,1
Male,45,High School,6,78.7555791943648,0
Male,40,Bachelors,16,88.30333195308337,0
Male,49,Bachelors,12,63.09656956722801,1
Female,30,Bachelors,10,83.66974646202414,0
Male,38,Masters,5,75.54092107003926,1
Male,23,Masters,13,56.74633616324978,1
Male,33,Bachelors,5,44.03823575555344,0
Male,31,Bachelors,5,62.0197311790467,0
Female,37,Bachelors,1,72.92347807345753,1
Female,42,High School,19,74.37347932607807,0
Male,33,Bachelors,14,69.40918934714935,0
Male,26,Bachelors,16,69.49870634076967,0
Male,37,Bachelors,7,68.7400649989981,1
Male,47,Bachelors,4,80.31217133738357,0
Male,33,High School,16,55.63710301716928,1
Male,39,Bachelors,19,72.68289857534278,1
Female,41,High School,0,61.77248724136959,0
Male,39,High School,17,60.93458934942566,1
Female,30,Masters,14,81.76230563906836,0
Female,23,High School,4,60.167369230800574,0
Male,34,Bachelors,6,68.60481766100138,1
Female,46,High School,17,89.58498401878995,1
Female,39,Masters,5,78.38076968081674,0
Female,25,Bachelors,4,65.45029687039622,1
Female,49,Bachelors,18,66.27626941594119,1
Female,25,Bachelors,9,57.72797101341707,1
Female,40,Masters,14,83.00645242266052,0
Male,37,PhD,9,80.11351807921068,1
Female,41,Bachelors,15,76.86602273869781,0
Female,30,Masters,11,77.96832944809138,0
Female,25,Masters,17,62.25475390602576,1
Male,24,Masters,0,54.52087557264149,1
Female,26,Bachelors,15,75.60540425303809,0
Male,46,Bachelors,5,78.88557873621394,0
Female,24,Bachelors,2,86.07046683126963,0
Male,27,Masters,1,67.9910979372657,1
Male,27,Bachelors,1,66.5324872141968,0
Female,38,Bachelors,12,67.60739795330544,0
Female,23,Bachelors,8,76.70743825432888,0
Male,21,Masters,15,67.17910717324753,1
Female,44,Masters,4,69.4776091323666,1
Male,45,High School,6,78.31052891238954,1
Male,24,Masters,12,63.74163844766264,1
Male,26,Bachelors,19,83.91153985421764,0
Male,29,Masters,12,76.33089007326576,0
Male,42,Bachelors,6,51.42379370659685,0
Female,34,Bachelors,9,64.84645803471635,1
Male,48,Masters,14,49.75656501793891,0
Male,32,Bachelors,5,68.03320601713199,0
Female,48,Masters,4,65.01688895879464,0
Male,45,Bachelors,1,78.34854759200189,0
Female,40,Bachelors,14,61.18981651044666,0
Female,44,Bachelors,15,73.8773500193449,1
Female,45,Bachelors,18,75.68847609468433,1
Male,24,Bachelors,8,72.57194852228014,1
Male,41,High School,18,81.40123581772528,1
Male,44,Bachelors,6,90.68288850841876,0
Female,32,High School,3,71.11941942699067,0
Male,30,PhD,2,74.05179516890368,1
Female,42,PhD,19,61.1972304616789,1
Male,48,Bachelors,10,59.80476585976757,0
Female,27,Masters,0,80.33829650332729,1
Male,23,Bachelors,5,79.01525506103359,0
Male,43,Bachelors,10,59.70380125828737,0
Male,48,Masters,0,56.91779457490527,1
Female,34,Masters,6,63.5126319531941,0
Female,44,Bachelors,5,68.5862203056589,0
Male,30,Masters,13,65.90873591516755,0
Male,36,Bachelors,1,71.60514868332253,0
Female,36,PhD,3,79.17062512372605,1
Female,42,High School,10,74.62104378754938,1
Female,30,Bachelors,14,75.36120997684124,1
Male,45,Bachelors,17,45.484636055911224,1
Female,33,Bachelors,0,53.86096979880918,0
Male,26,High School,2,62.03543192353942,0
Female,32,Masters,2,63.686063518404936,0
Male,29,High School,6,78.39827834939234,0
Female,33,Bachelors,0,61.21098568531868,0
Female,24,Bachelors,10,76.66927661357369,1
Female,44,Bachelors,5,62.14894261193702,1
Female,31,Bachelors,19,57.99115712607185,0
Female,40,Bachelors,2,58.455503409562084,1
Male,38,High School,18,92.58266493289221,0
Female,46,High School,1,61.926350314900056,1
Female,31,Bachelors,17,76.90987208860341,1
Female,45,Masters,11,54.418015702497996,0
Male,41,Masters,9,84.18929004178734,0
Female,24,High School,4,73.49041145063713,1
Male,38,Bachelors,8,72.73978868792886,1
Female,21,High School,1,74.13827323143319,1
Female,47,High School,1,75.2399972444535,1
Male,27,Bachelors,5,78.0906725884488,1
Female,26,Bachelors,9,64.00902581790972,0
Male,35,High School,17,63.424117062278775,0
Male,38,Bachelors,11,70.49223878048068,0
Female,44,High School,3,76.84427760418309,0
Male,31,Masters,16,69.33344523777511,0
Female,40,PhD,14,77.73901795799104,1
Female,44,High School,5,76.17836782701917,0
Male,35,Bachelors,15,67.83016738583973,0
Male,36,Masters,16,52.52820030219151,1
Male,27,Masters,2,64.96472054646088,0
Male,41,Bachelors,9,87.42797233809675,0
Female,30,High School,4,73.400596507057,1
Female,46,High School,13,63.60449868729908,1
Male,32,Bachelors,12,72.506515776079,0
Female,44,Bachelors,5,76.76644068327802,0
Female,34,High School,11,63.60934390548367,1
Female,45,Bachelors,7,82.35383894121897,0
Female,25,High School,4,74.9569802116365,0
Male,46,Masters,14,59.0009122682766,1
Male,41,Bachelors,15,78.56366286542374,0
Female,38,High School,0,65.90386615202304,0
Male,25,Bachelors,15,68.20869573694395,0
Male,23,Bachelors,4,59.84031303031889,1
Male,43,PhD,2,76.3144641268983,1
Female,46,Bachelors,19,68.51134773304578,0
Female,25,Bachelors,14,76.7375695450061,0
Female,44,Masters,12,64.4901761093443,0
Male,37,Bachelors,15,63.34596712129922,0
Female,39,Masters,10,62.5356292840225,0
Female,39,Bachelors,1,73.96032179542928,1
Male,45,Bachelors,5,63.19650175497264,0
Female,41,High School,5,67.96887351273587,0
Female,32,Bachelors,13,64.81573012693667,0
Male,45,Masters,10,74.40083924897677,0
Male,49,Masters,7,52.64697553395689,0
Male,29,Bachelors,7,72.47032870223339,0
Female,21,Bachelors,0,87.31343189095807,1
Female,38,Masters,6,82.36026108733698,1
Female,41,Masters,5,63.83346878026528,0
Male,24,High School,7,74.94601776164984,0
Male,30,Bachelors,18,73.00565472839905,0
Female,45,Bachelors,19,84.69392063162138,0
Female,27,Masters,7,44.89885077677232,1
Male,42,High School,13,81.12867368935164,0
Male,43,Bachelors,17,67.32482327236129,1
Male,21,Masters,15,62.567710605495826,1
Male,37,High School,8,62.28197971205375,1
Female,44,Bachelors,14,57.000936837887195,1
Male,49,Bachelors,9,63.85881592526064,0
Female,49,Bachelors,15,59.20265946068604,1
Female,22,Bachelors,3,71.80217170507319,1
Female,48,Bachelors,19,75.8993763232838,1
Male,46,High School,12,67.43426590361638,0
Male,31,Bachelors,4,84.99723206256165,1
Male,29,Masters,6,64.51578714543062,0
Male,27,Masters,8,66.91137577603408,1
Female,42,High School,7,65.27059357071576,0
Male,37,High School,15,75.98618873914396,1
Male,37,Bachelors,5,76.99573502851888,0
Female,22,Bachelors,15,74.95366883971097,0
Male,26,Bachelors,5,68.75891346062531,0
Female,34,Bachelors,13,56.593771409221105,0
Female,26,High School,0,66.80559419189493,0
Female,22,High School,8,84.7813971390053,0
Female,21,Bachelors,12,80.13237887434987,1
Female,30,Bachelors,18,72.9405039668672,1
Female,41,High School,16,66.15547942881557,1
Female,25,Bachelors,10,69.86381522665475,0
Female,22,Bachelors,7,66.19995760964285,0
Male,42,Masters,4,81.93051688083547,0
Male,36,Masters,9,61.610330016065845,1
Male,45,Bachelors,6,79.23669282296977,1
Male,22,Bachelors,9,64.70797428341233,0
Female,30,Bachelors,3,83.20926830361992,0
Male,22,Bachelors,8,74.26775923808006,1
Female,36,Bachelors,13,62.50612600055131,1
Male,36,Masters,1,66.90687586497992,1
Male,39,Bachelors,8,77.11640606723326,1
Male,49,Masters,0,65.0085717642594,0
Female,27,Bachelors,9,70.22136485381206,0
Male,42,High School,9,64.87055830851055,0
Female,32,Masters,19,87.59117148248546,0
Female,44,Bachelors,2,89.3107189295133,0
Male,35,Bachelors,5,84.63123953391724,0
Male,28,Bachelors,5,68.75626034866167,0
Male,26,High School,1,65.97247353293032,0
Female,48,PhD,17,62.208364204858704,0
Male,47,High School,1,85.35721290803106,0
Female,30,PhD,11,79.30723710701169,0
Female,23,PhD,4,79.7876088150734,1
Male,39,Masters,19,67.50072063119109,1
Male,37,Bachelors,6,52.421025157420914,0
Female,27,Bachelors,15,54.720423904592366,0
Female,41,Masters,19,70.5763406290251,0
Female,40,Bachelors,0,64.77325743633665,1
Male,46,Bachelors,0,63.62298705607368,0
Female,24,Bachelors,16,73.45148373728624,0
Male,34,Bachelors,0,80.13659829859492,1
Female,40,Bachelors,19,62.98772931403251,0
Female,42,Bachelors,12,56.94390314343822,0
Male,35,Bachelors,8,63.225288245222735,0
Female,44,Masters,14,59.56036037448067,0
Male,28,Bachelors,2,75.92832615925988,0
Male,41,Masters,13,69.95891245790078,1
Female,35,Bachelors,10,88.8048922823556,0
Male,42,Masters,11,77.34685119638262,1
Male,40,Bachelors,12,88.13856136998166,0
Female,48,Masters,12,55.96124640092384,0
Male,34,High School,0,37.471412035683834,0
Male,47,Masters,9,72.42992028435401,0
Male,49,High School,2,71.23220240992107,0
Female,29,Masters,3,68.77214585452063,0
Male,28,PhD,15,70.95796725629646,1
Female,46,Bachelors,7,58.75973815269391,0
Female,48,Bachelors,15,75.6317869788445,0
Male,46,Masters,16,77.36193240102338,0
Male,37,Bachelors,18,58.00251282996892,0
Male,22,Masters,14,66.46363579150709,0
Female,45,High School,15,67.08136150860238,0
Male,44,High School,14,63.291890978397205,0
Male,23,PhD,1,58.38887609866778,0
Male,28,Bachelors,10,70.12504991025425,1
Male,32,Masters,0,72.60805520664299,0
Male,21,Bachelors,14,63.89817891235705,0
Female,30,Bachelors,18,59.092114022435425,1
Female,40,Bachelors,3,74.10557245041373,1
Male,23,Bachelors,10,62.326795247643446,1
Male,26,Bachelors,4,66.90794486400794,0
Male,27,Bachelors,2,65.6392337184178,1
Male,40,Bachelors,12,82.4570866416966,0
Female,43,Bachelors,9,62.785695359463816,0
Male,45,Masters,10,87.25526579008985,1
Female,47,Bachelors,17,77.52301938141507,0
Female,38,Bachelors,1,88.20898675789353,1
Male,31,Bachelors,6,76.64638829579674,1
Female,39,Bachelors,8,67.78955552297829,1
Female,25,Masters,9,60.82633670847806,1
Female,39,Bachelors,17,66.44588609225727,0
Female,31,High School,6,84.87281025223227,0
Male,44,High School,6,69.52061207655115,1
Male,32,Bachelors,2,76.60919387155108,1
Female,30,Masters,11,72.06971345065992,1
Male,28,High School,6,72.49661178509241,1
Male,44,Masters,16,72.88159683964915,1
Male,48,Bachelors,0,74.95341486832453,1
Male,48,Bachelors,4,61.8589250890919,0
Male,29,Masters,15,67.25095729093805,0
Female,24,Bachelors,14,73.0931333301634,1
Male,25,Bachelors,1,71.63487222500197,0
Male,41,High School,8,65.38795396387766,0
Male,28,High School,6,74.16600914761105,0
