id,aggregateDate,airTemperatureMax,airTemperatureMin,airTemperatureAvg,relativeHumidityMax,relativeHumidityMin,relativeHumidityAvg,insolationAvg,windSpeedMax,windSpeedMin,windSpeedAvg,airPressureMax,airPressureMin,airPressureAvg,precipitationSum
IUNG2,2024-08-01T00:00:00Z,15.7,15.5,15.58,99.8,99.8,99.8,,1.3,0.0,0.57,,,,0.0
IUNG2,2024-08-01T01:00:00Z,16.7,16.0,16.3,99.5,93.8,96.88,,1.5,1.0,1.27,,,,0.0
IUNG2,2024-08-01T02:00:00Z,16.2,15.9,16.03,99.7,96.8,98.52,,1.5,0.2,0.9,,,,0.0
IUNG2,2024-08-01T03:00:00Z,17.0,15.8,16.28,99.8,91.9,97.85,,1.7,0.0,0.87,,,,0.0
IUNG2,2024-08-01T04:00:00Z,20.2,17.3,19.02,90.7,66.4,76.62,,1.6,0.4,0.8,,,,0.0
IUNG2,2024-08-01T05:00:00Z,21.1,20.6,20.83,62.8,60.4,61.32,,0.7,0.4,0.62,,,,0.0
IUNG2,2024-08-01T06:00:00Z,21.0,20.8,20.88,64.7,60.1,62.55,,2.4,1.1,1.78,,,,0.0
IUNG2,2024-08-01T07:00:00Z,21.5,20.6,21.1,66.3,61.9,63.72,,1.0,0.5,0.77,,,,0.0
IUNG2,2024-08-01T08:00:00Z,21.8,21.0,21.43,68.9,60.6,65.57,,1.1,0.3,0.7,,,,0.1
IUNG2,2024-08-01T09:00:00Z,21.3,20.5,20.88,76.4,69.7,73.06,,2.6,1.2,1.78,,,,0.0
IUNG2,2024-08-01T10:00:00Z,20.2,20.2,20.2,79.5,75.9,77.7,,2.4,1.6,2.0,,,,0.0
IUNG2,2024-08-01T11:00:00Z,20.3,19.8,20.14,79.3,76.7,77.6,,2.9,2.5,2.64,,,,0.0
IUNG2,2024-08-01T12:00:00Z,20.4,19.9,20.1,77.5,76.1,76.9,,2.4,1.7,2.04,,,,0.0
IUNG2,2024-08-01T13:00:00Z,20.2,19.9,20.02,79.0,76.2,78.06,,2.7,2.5,2.58,,,,0.0
IUNG2,2024-08-01T14:00:00Z,20.3,20.0,20.17,80.4,78.4,79.38,,2.6,0.8,1.87,,,,0.0
IUNG2,2024-08-01T15:00:00Z,20.6,20.3,20.43,82.8,79.2,81.12,,1.8,0.8,1.43,,,,0.0
IUNG2,2024-08-01T16:00:00Z,20.8,20.0,20.52,83.6,80.1,81.38,,1.8,1.4,1.58,,,,0.0
IUNG2,2024-08-01T17:00:00Z,19.4,17.7,18.47,99.9,87.9,96.32,,2.3,0.1,1.07,,,,0.0
IUNG2,2024-08-01T18:00:00Z,17.3,15.9,16.77,99.8,99.8,99.8,,0.9,0.0,0.22,,,,0.0
IUNG2,2024-08-01T19:00:00Z,16.3,15.6,15.97,99.8,99.8,99.8,,0.1,0.0,0.02,,,,0.0
IUNG2,2024-08-01T20:00:00Z,15.3,14.3,14.7,99.8,99.8,99.8,,0.5,0.0,0.22,,,,0.0
IUNG2,2024-08-01T21:00:00Z,14.8,14.2,14.57,99.8,99.8,99.8,,0.4,0.0,0.12,,,,0.0
IUNG2,2024-08-01T22:00:00Z,14.3,13.5,13.92,99.8,99.8,99.8,,0.0,0.0,0.0,,,,0.1
IUNG2,2024-08-01T23:00:00Z,13.4,12.8,13.03,99.8,99.8,99.8,,1.3,0.0,0.45,,,,0.0
IUNG2,2024-08-02T00:00:00Z,13.3,13.1,13.18,99.8,99.8,99.8,,1.1,0.1,0.55,,,,0.0
IUNG2,2024-08-02T01:00:00Z,13.0,12.3,12.7,99.8,99.8,99.8,,0.6,0.0,0.27,,,,0.0
IUNG2,2024-08-02T02:00:00Z,13.5,12.9,13.3,99.8,99.8,99.8,,1.2,0.6,1.0,,,,0.0
IUNG2,2024-08-02T03:00:00Z,14.4,13.6,13.92,99.8,99.8,99.8,,0.8,0.0,0.33,,,,0.0
IUNG2,2024-08-02T04:00:00Z,16.6,14.5,15.38,99.9,99.8,99.82,,0.0,0.0,0.0,,,,0.0
IUNG2,2024-08-02T05:00:00Z,18.1,16.8,17.37,99.9,99.9,99.9,,0.4,0.0,0.1,,,,0.0
IUNG2,2024-08-02T06:00:00Z,21.1,18.8,20.22,99.3,81.5,88.18,,1.0,0.1,0.43,,,,0.0
IUNG2,2024-08-02T07:00:00Z,22.3,21.5,21.96,79.1,72.7,75.66,,1.3,0.6,0.98,,,,0.0
IUNG2,2024-08-02T08:00:00Z,25.1,22.7,24.08,71.6,62.2,66.95,,1.4,0.6,0.9,,,,0.0
IUNG2,2024-08-02T09:00:00Z,26.1,25.1,25.63,62.4,57.1,59.52,,1.3,0.7,1.05,,,,0.0
IUNG2,2024-08-02T10:00:00Z,27.1,25.8,26.45,57.2,50.6,54.23,,1.8,1.0,1.48,,,,0.0
IUNG2,2024-08-02T11:00:00Z,28.2,27.4,27.8,48.8,43.4,46.22,,1.7,1.1,1.48,,,,0.0
IUNG2,2024-08-02T12:00:00Z,28.4,27.7,27.93,46.1,43.0,44.87,,2.3,1.4,1.93,,,,0.0
IUNG2,2024-08-02T13:00:00Z,27.9,27.1,27.45,47.4,46.3,46.92,,2.1,0.3,1.22,,,,0.0
IUNG2,2024-08-02T14:00:00Z,27.1,26.1,26.75,53.9,47.1,49.17,,1.6,0.4,0.98,,,,0.0
IUNG2,2024-08-02T15:00:00Z,25.9,24.9,25.45,59.8,54.5,57.07,,1.6,1.2,1.42,,,,0.0
IUNG2,2024-08-02T16:00:00Z,24.7,23.5,24.12,66.8,60.6,64.52,,1.1,0.0,0.43,,,,0.0
IUNG2,2024-08-02T17:00:00Z,23.2,22.3,22.8,70.7,67.8,69.4,,1.2,0.0,0.47,,,,0.0
IUNG2,2024-08-02T18:00:00Z,22.3,21.5,21.78,68.4,64.1,66.0,,0.8,0.0,0.55,,,,0.0
IUNG2,2024-08-02T19:00:00Z,21.3,20.8,20.97,66.5,64.7,65.53,,0.6,0.1,0.43,,,,0.0
IUNG2,2024-08-02T20:00:00Z,20.6,19.4,20.03,73.0,65.3,68.65,,0.6,0.1,0.23,,,,0.0
IUNG2,2024-08-02T21:00:00Z,19.5,19.1,19.27,75.3,70.0,72.75,,0.9,0.1,0.47,,,,0.0
IUNG2,2024-08-02T22:00:00Z,19.4,18.9,19.08,74.4,70.3,72.68,,0.8,0.0,0.43,,,,0.0
IUNG2,2024-08-02T23:00:00Z,19.3,17.8,18.57,87.4,72.5,80.12,,0.6,0.3,0.47,,,,0.1
IUNG2,2024-08-03T00:00:00Z,17.5,16.8,17.03,99.8,96.1,99.18,,3.0,0.9,1.87,,,,0.2
IUNG2,2024-08-03T01:00:00Z,16.6,15.9,16.25,99.8,99.8,99.8,,2.5,1.0,1.67,,,,1.5
IUNG2,2024-08-03T02:00:00Z,15.8,15.6,15.7,99.8,99.8,99.8,,2.5,1.2,1.65,,,,0.3
IUNG2,2024-08-03T03:00:00Z,15.9,15.7,15.8,99.8,99.8,99.8,,2.1,1.2,1.5,,,,1.7
IUNG2,2024-08-03T04:00:00Z,15.7,15.2,15.44,99.8,99.8,99.8,,3.0,1.9,2.46,,,,4.9
IUNG2,2024-08-03T05:00:00Z,15.1,14.3,14.58,99.8,99.6,99.73,,4.1,3.0,3.5,,,,9.0
IUNG2,2024-08-03T06:00:00Z,14.2,13.4,13.95,99.8,99.4,99.62,,4.4,3.0,3.73,,,,5.7
IUNG2,2024-08-03T07:00:00Z,14.3,14.1,14.17,99.8,99.3,99.58,,5.0,4.3,4.73,,,,4.5
IUNG2,2024-08-03T08:00:00Z,15.3,14.9,15.17,99.8,98.4,99.23,,4.4,3.5,3.93,,,,1.8
IUNG2,2024-08-03T09:00:00Z,16.2,15.3,15.75,99.8,99.7,99.78,,3.3,3.1,3.15,,,,0.3
IUNG2,2024-08-03T10:00:00Z,16.4,16.3,16.35,99.8,98.4,99.1,,4.0,3.1,3.55,,,,0.1
IUNG2,2024-08-03T11:00:00Z,,,,,,,,,,,,,,0.1
IUNG2,2024-08-03T12:00:00Z,16.9,16.8,16.85,94.2,92.2,93.2,,2.9,2.8,2.85,,,,0.0
IUNG2,2024-08-03T13:00:00Z,19.3,18.8,19.17,82.6,74.4,77.68,,3.3,1.6,2.52,,,,0.0
IUNG2,2024-08-03T14:00:00Z,19.2,18.5,18.9,79.1,73.8,76.03,,2.3,1.2,1.68,,,,0.0
IUNG2,2024-08-03T15:00:00Z,18.5,18.4,18.47,79.5,77.9,78.68,,1.8,1.1,1.42,,,,0.0
IUNG2,2024-08-03T16:00:00Z,18.3,17.7,17.95,89.2,78.3,85.13,,1.3,0.9,1.08,,,,0.0
IUNG2,2024-08-03T17:00:00Z,17.7,17.6,17.65,91.2,88.7,89.93,,1.7,1.2,1.38,,,,0.1
IUNG2,2024-08-03T18:00:00Z,17.5,16.7,17.1,92.7,88.7,90.92,,2.1,1.3,1.7,,,,0.0
IUNG2,2024-08-03T19:00:00Z,16.4,15.8,16.03,99.8,91.1,96.53,,2.1,1.4,1.75,,,,0.0
IUNG2,2024-08-03T20:00:00Z,15.9,15.2,15.55,99.8,99.8,99.8,,2.0,1.0,1.43,,,,0.0
IUNG2,2024-08-03T21:00:00Z,14.8,14.0,14.32,99.8,99.8,99.8,,1.7,0.7,1.15,,,,0.0
IUNG2,2024-08-03T22:00:00Z,14.5,13.7,14.05,99.8,99.8,99.8,,1.6,1.2,1.37,,,,0.0
IUNG2,2024-08-03T23:00:00Z,13.4,11.3,12.07,99.8,99.8,99.8,,1.2,0.3,0.7,,,,0.0
IUNG2,2024-08-04T00:00:00Z,11.6,10.9,11.22,99.8,99.8,99.8,,0.2,0.0,0.03,,,,0.0
IUNG2,2024-08-04T01:00:00Z,11.3,10.6,10.85,99.8,99.8,99.8,,0.5,0.0,0.12,,,,0.0
IUNG2,2024-08-04T02:00:00Z,10.8,10.4,10.55,99.8,99.8,99.8,,1.5,0.5,0.97,,,,0.1
IUNG2,2024-08-04T03:00:00Z,12.9,10.7,11.85,99.8,99.8,99.8,,1.0,0.5,0.8,,,,0.0
IUNG2,2024-08-04T04:00:00Z,15.3,13.2,14.22,99.9,99.8,99.82,,1.0,0.4,0.68,,,,0.1
IUNG2,2024-08-04T05:00:00Z,18.3,15.9,17.13,99.7,86.5,93.08,,1.5,0.8,1.22,,,,0.0
IUNG2,2024-08-04T06:00:00Z,20.7,18.9,19.77,84.1,70.6,77.97,,1.4,1.1,1.23,,,,0.0
IUNG2,2024-08-04T07:00:00Z,21.9,21.1,21.55,68.6,62.9,66.63,,1.9,0.9,1.32,,,,0.0
IUNG2,2024-08-04T08:00:00Z,23.4,22.2,22.87,60.4,51.5,55.0,,2.5,1.4,1.95,,,,0.0
IUNG2,2024-08-04T09:00:00Z,24.4,23.7,23.85,51.3,44.4,47.5,,2.6,2.2,2.42,,,,0.0
IUNG2,2024-08-04T10:00:00Z,24.6,24.2,24.42,46.0,43.6,44.72,,2.4,1.8,2.18,,,,0.0
IUNG2,2024-08-04T11:00:00Z,24.9,24.3,24.62,44.4,42.1,43.4,,2.0,1.3,1.58,,,,0.0
IUNG2,2024-08-04T12:00:00Z,25.1,24.6,24.87,43.7,40.8,42.43,,1.9,0.7,1.38,,,,0.0
IUNG2,2024-08-04T13:00:00Z,25.2,24.8,25.0,43.8,40.3,41.83,,2.1,1.1,1.72,,,,0.0
IUNG2,2024-08-04T14:00:00Z,25.3,24.3,24.85,45.2,40.5,42.85,,1.7,1.2,1.42,,,,0.0
IUNG2,2024-08-04T15:00:00Z,24.5,24.0,24.27,51.8,46.1,48.22,,1.1,0.8,0.93,,,,0.0
IUNG2,2024-08-04T16:00:00Z,23.9,21.8,22.9,67.2,50.8,59.92,,0.2,0.0,0.03,,,,0.0
IUNG2,2024-08-04T17:00:00Z,21.5,19.6,20.55,87.0,66.6,74.57,,1.8,0.0,0.35,,,,0.0
IUNG2,2024-08-04T18:00:00Z,20.6,19.9,20.32,78.9,69.7,74.12,,2.7,1.7,2.08,,,,0.0
IUNG2,2024-08-04T19:00:00Z,20.4,19.3,19.93,77.3,69.8,72.7,,2.4,1.9,2.1,,,,0.1
IUNG2,2024-08-04T20:00:00Z,19.1,18.5,18.72,83.6,78.7,81.75,,2.7,1.8,2.32,,,,0.0
IUNG2,2024-08-04T21:00:00Z,19.0,17.8,18.47,99.9,78.9,87.92,,2.4,1.3,1.93,,,,0.0
IUNG2,2024-08-04T22:00:00Z,17.8,17.7,17.72,99.9,99.8,99.82,,1.7,1.4,1.52,,,,0.0
IUNG2,2024-08-04T23:00:00Z,17.6,17.5,17.56,99.9,99.8,99.86,,1.4,0.6,1.02,,,,0.0
IUNG2,2024-08-05T00:00:00Z,17.6,17.3,17.47,99.8,99.8,99.8,,1.9,0.9,1.55,,,,0.0
IUNG2,2024-08-05T01:00:00Z,17.1,16.1,16.7,99.9,99.8,99.82,,2.6,1.7,2.08,,,,0.0
IUNG2,2024-08-05T02:00:00Z,16.2,15.9,16.07,99.8,99.8,99.8,,1.9,1.4,1.68,,,,0.0
IUNG2,2024-08-05T03:00:00Z,16.7,15.9,16.32,99.8,99.8,99.8,,2.1,1.0,1.6,,,,0.0
IUNG2,2024-08-05T04:00:00Z,17.7,16.8,17.3,99.9,99.8,99.87,,2.2,1.3,1.7,,,,0.0
IUNG2,2024-08-05T05:00:00Z,18.6,18.0,18.33,99.8,99.4,99.63,,2.2,1.3,1.82,,,,0.0
IUNG2,2024-08-05T06:00:00Z,19.0,18.3,18.68,99.9,94.6,96.92,,3.4,3.0,3.2,,,,0.0
IUNG2,2024-08-05T07:00:00Z,18.4,18.1,18.2,99.9,99.8,99.88,,3.6,2.8,3.08,,,,0.0
IUNG2,2024-08-05T08:00:00Z,19.6,18.6,19.13,99.1,85.4,90.78,,4.6,2.8,3.97,,,,0.0
IUNG2,2024-08-05T09:00:00Z,19.9,18.9,19.3,78.6,69.2,73.36,,4.4,3.5,3.78,,,,0.0
IUNG2,2024-08-05T10:00:00Z,19.0,18.4,18.7,72.0,69.7,70.98,,3.6,3.2,3.4,,,,0.0
IUNG2,2024-08-05T11:00:00Z,16.2,15.9,16.05,99.8,95.7,97.75,,2.9,2.6,2.75,,,,0.1
IUNG2,2024-08-05T12:00:00Z,16.3,15.9,16.05,99.8,99.8,99.8,,2.3,1.8,1.95,,,,0.0
IUNG2,2024-08-05T13:00:00Z,18.0,16.2,17.2,80.0,70.1,74.44,,3.1,2.1,2.5,,,,0.0
IUNG2,2024-08-05T14:00:00Z,18.5,17.7,18.04,70.5,63.0,66.12,,3.5,2.5,3.0,,,,0.0
IUNG2,2024-08-05T15:00:00Z,18.2,17.6,17.8,69.9,66.6,68.23,,3.1,2.3,2.75,,,,0.0
IUNG2,2024-08-05T16:00:00Z,17.5,16.6,17.1,79.2,71.3,74.98,,2.8,1.9,2.4,,,,0.0
IUNG2,2024-08-05T17:00:00Z,16.2,15.6,15.82,89.2,81.3,86.08,,1.5,0.9,1.23,,,,0.0
IUNG2,2024-08-05T18:00:00Z,15.7,15.5,15.6,91.6,89.9,90.63,,1.5,1.1,1.28,,,,0.0
IUNG2,2024-08-05T19:00:00Z,15.5,15.3,15.4,99.3,93.1,95.35,,1.3,0.6,1.0,,,,0.1
IUNG2,2024-08-05T20:00:00Z,15.3,15.1,15.17,99.8,99.5,99.75,,1.1,0.3,0.9,,,,0.0
IUNG2,2024-08-05T21:00:00Z,15.2,15.1,15.17,99.8,99.8,99.8,,1.8,0.8,1.42,,,,0.0
IUNG2,2024-08-05T22:00:00Z,15.1,15.0,15.07,99.8,99.8,99.8,,1.6,1.3,1.47,,,,0.0
IUNG2,2024-08-05T23:00:00Z,14.9,14.9,14.9,99.8,99.8,99.8,,2.0,1.5,1.75,,,,0.0
IUNG2,2024-08-06T00:00:00Z,15.3,14.9,15.12,99.8,99.8,99.8,,2.4,1.3,1.78,,,,0.0
IUNG2,2024-08-06T01:00:00Z,15.4,15.2,15.3,99.8,99.8,99.8,,2.0,1.2,1.73,,,,0.0
IUNG2,2024-08-06T02:00:00Z,15.9,15.4,15.68,99.8,99.2,99.6,,2.0,1.5,1.84,,,,0.0
IUNG2,2024-08-06T03:00:00Z,16.2,16.0,16.15,99.8,99.1,99.53,,2.2,1.3,1.73,,,,0.0
IUNG2,2024-08-06T04:00:00Z,16.5,16.3,16.37,99.8,95.5,98.42,,2.6,1.4,1.97,,,,0.0
IUNG2,2024-08-06T05:00:00Z,17.2,16.5,16.78,96.9,87.8,92.42,,3.7,2.7,3.2,,,,0.0
IUNG2,2024-08-06T06:00:00Z,17.7,16.9,17.33,86.6,80.1,83.87,,4.3,3.4,3.77,,,,0.0
IUNG2,2024-08-06T07:00:00Z,18.9,18.6,18.7,71.7,62.4,68.57,,4.0,3.0,3.47,,,,0.0
IUNG2,2024-08-06T08:00:00Z,20.2,20.1,20.17,62.8,62.2,62.53,,3.3,2.5,3.0,,,,0.0
IUNG2,2024-08-06T09:00:00Z,21.0,20.1,20.63,62.5,58.9,60.57,,3.3,2.8,3.0,,,,0.0
IUNG2,2024-08-06T10:00:00Z,21.2,21.1,21.14,59.1,56.2,58.16,,3.4,2.5,2.87,,,,0.0
IUNG2,2024-08-06T11:00:00Z,22.1,21.2,21.63,57.3,53.1,55.17,,3.1,2.3,2.78,,,,0.1
IUNG2,2024-08-06T12:00:00Z,24.3,22.6,23.2,52.9,46.0,50.17,,2.5,1.6,2.15,,,,0.0
IUNG2,2024-08-06T13:00:00Z,23.9,22.5,23.42,50.1,41.8,45.7,,3.0,1.8,2.52,,,,0.0
IUNG2,2024-08-06T14:00:00Z,24.0,23.7,23.8,41.3,39.5,40.23,,2.9,2.1,2.33,,,,0.0
IUNG2,2024-08-06T15:00:00Z,23.8,23.2,23.47,44.3,41.0,42.57,,2.4,1.3,1.98,,,,0.0
IUNG2,2024-08-06T16:00:00Z,23.0,20.7,22.18,60.9,45.5,51.38,,1.3,0.6,0.9,,,,0.0
IUNG2,2024-08-06T17:00:00Z,19.8,16.6,18.03,77.8,64.0,71.23,,0.5,0.1,0.33,,,,0.0
IUNG2,2024-08-06T18:00:00Z,16.4,15.0,15.65,99.8,81.8,89.78,,1.4,0.2,0.67,,,,0.0
IUNG2,2024-08-06T19:00:00Z,15.2,13.8,14.7,99.8,96.0,98.03,,1.5,0.2,0.82,,,,0.0
IUNG2,2024-08-06T20:00:00Z,13.8,12.8,13.47,99.8,99.8,99.8,,0.5,0.0,0.1,,,,0.0
IUNG2,2024-08-06T21:00:00Z,13.1,12.4,12.85,99.8,99.8,99.8,,0.8,0.0,0.17,,,,0.0
IUNG2,2024-08-06T22:00:00Z,12.6,12.3,12.43,99.8,99.8,99.8,,0.0,0.0,0.0,,,,0.0
IUNG2,2024-08-06T23:00:00Z,12.2,11.5,11.82,99.8,99.8,99.8,,0.5,0.0,0.25,,,,0.0
IUNG2,2024-08-07T00:00:00Z,11.4,10.9,11.22,99.8,99.8,99.8,,0.5,0.0,0.27,,,,0.0
IUNG2,2024-08-07T01:00:00Z,10.8,10.5,10.65,99.8,99.8,99.8,,0.7,0.0,0.4,,,,0.0
IUNG2,2024-08-07T02:00:00Z,11.1,10.4,10.72,99.8,99.8,99.8,,0.2,0.0,0.07,,,,0.0
IUNG2,2024-08-07T03:00:00Z,12.2,10.4,11.35,99.8,99.8,99.8,,0.6,0.0,0.22,,,,0.0
IUNG2,2024-08-07T04:00:00Z,14.6,12.6,13.5,99.9,99.8,99.82,,0.9,0.3,0.57,,,,0.0
IUNG2,2024-08-07T05:00:00Z,18.5,15.0,16.8,99.4,74.9,86.97,,0.9,0.2,0.5,,,,0.0
IUNG2,2024-08-07T06:00:00Z,21.4,19.3,20.37,69.2,61.8,64.75,,0.8,0.3,0.52,,,,0.1
IUNG2,2024-08-07T07:00:00Z,22.9,21.7,22.38,59.3,51.0,55.08,,1.3,0.6,0.95,,,,0.0
IUNG2,2024-08-07T08:00:00Z,24.3,23.2,23.63,49.5,47.3,48.33,,1.7,0.9,1.23,,,,0.0
IUNG2,2024-08-07T09:00:00Z,25.1,24.0,24.62,47.3,44.1,45.98,,1.8,1.2,1.45,,,,0.0
IUNG2,2024-08-07T10:00:00Z,25.6,24.7,25.17,45.3,42.3,43.98,,2.3,1.6,2.02,,,,0.0
IUNG2,2024-08-07T11:00:00Z,26.2,25.4,25.83,44.3,42.0,42.77,,2.3,1.3,1.65,,,,0.0
IUNG2,2024-08-07T12:00:00Z,26.8,25.8,26.33,42.8,40.7,41.65,,2.3,0.8,1.8,,,,0.0
IUNG2,2024-08-07T13:00:00Z,26.7,26.2,26.52,41.8,39.3,39.93,,2.9,1.4,2.13,,,,0.0
IUNG2,2024-08-07T14:00:00Z,26.6,26.3,26.47,39.3,37.5,38.52,,2.8,1.7,2.45,,,,0.0
IUNG2,2024-08-07T15:00:00Z,26.8,25.9,26.32,43.4,40.1,40.83,,1.3,0.4,0.9,,,,0.0
IUNG2,2024-08-07T16:00:00Z,25.9,22.6,24.42,56.1,44.0,48.85,,0.6,0.2,0.43,,,,0.0
IUNG2,2024-08-07T17:00:00Z,21.9,18.3,19.83,80.7,59.6,70.97,,0.4,0.0,0.22,,,,0.0
IUNG2,2024-08-07T18:00:00Z,17.8,16.9,17.43,92.5,82.7,85.45,,0.0,0.0,0.0,,,,0.0
IUNG2,2024-08-07T19:00:00Z,16.7,16.4,16.57,99.8,98.5,99.27,,0.6,0.0,0.13,,,,0.0
IUNG2,2024-08-07T20:00:00Z,15.6,15.2,15.47,99.8,99.8,99.8,,0.0,0.0,0.0,,,,0.0
IUNG2,2024-08-07T21:00:00Z,15.3,14.7,15.03,99.8,99.8,99.8,,0.2,0.0,0.03,,,,0.0
IUNG2,2024-08-07T22:00:00Z,14.9,14.4,14.65,99.8,99.8,99.8,,0.6,0.0,0.32,,,,0.0
IUNG2,2024-08-07T23:00:00Z,14.4,13.5,13.8,99.8,99.8,99.8,,0.0,0.0,0.0,,,,0.0
IUNG2,2024-08-08T00:00:00Z,13.8,13.1,13.45,99.8,99.8,99.8,,0.8,0.0,0.17,,,,0.0
IUNG2,2024-08-08T01:00:00Z,13.8,12.6,13.15,99.8,99.8,99.8,,0.7,0.0,0.13,,,,0.0
IUNG2,2024-08-08T02:00:00Z,13.6,12.8,13.3,99.8,99.8,99.8,,0.9,0.0,0.42,,,,0.0
IUNG2,2024-08-08T03:00:00Z,15.2,13.1,14.42,99.8,99.8,99.8,,0.5,0.0,0.17,,,,0.1
IUNG2,2024-08-08T04:00:00Z,17.5,15.3,16.53,99.9,98.3,99.45,,0.8,0.1,0.48,,,,0.0
IUNG2,2024-08-08T05:00:00Z,19.2,17.8,18.6,97.2,91.6,93.7,,1.4,0.5,1.0,,,,0.0
IUNG2,2024-08-08T06:00:00Z,20.1,19.6,19.82,89.8,87.0,88.63,,1.4,0.7,0.95,,,,0.0
IUNG2,2024-08-08T07:00:00Z,20.7,20.2,20.42,85.0,83.4,84.32,,1.6,1.0,1.27,,,,0.0
IUNG2,2024-08-08T08:00:00Z,21.9,20.8,21.15,85.6,76.1,83.37,,3.4,1.3,2.12,,,,0.0
IUNG2,2024-08-08T09:00:00Z,22.6,22.0,22.32,70.8,64.4,67.2,,3.6,0.6,1.96,,,,0.0
IUNG2,2024-08-08T10:00:00Z,23.7,22.5,23.07,64.9,61.5,63.03,,1.3,0.5,0.82,,,,0.0
IUNG2,2024-08-08T11:00:00Z,24.4,23.7,23.95,63.1,61.1,62.02,,1.6,0.9,1.3,,,,0.0
IUNG2,2024-08-08T12:00:00Z,26.1,24.6,25.37,60.0,54.1,57.65,,1.8,0.8,1.27,,,,0.0
IUNG2,2024-08-08T13:00:00Z,26.4,25.8,26.1,54.7,52.5,53.67,,1.9,0.8,1.35,,,,0.0
IUNG2,2024-08-08T14:00:00Z,26.0,24.5,24.97,61.8,55.5,59.77,,1.3,0.2,0.67,,,,0.1
IUNG2,2024-08-08T15:00:00Z,24.6,23.0,23.92,69.2,62.2,65.58,,0.4,0.0,0.2,,,,0.0
IUNG2,2024-08-08T16:00:00Z,22.8,21.6,22.28,75.2,69.7,72.32,,0.5,0.1,0.37,,,,0.0
IUNG2,2024-08-08T17:00:00Z,21.7,20.0,20.72,99.8,76.6,89.72,,0.6,0.0,0.18,,,,0.0
IUNG2,2024-08-08T18:00:00Z,20.5,20.2,20.35,99.9,97.3,98.65,,2.0,0.5,1.33,,,,0.0
IUNG2,2024-08-08T19:00:00Z,21.0,21.0,21.0,95.5,95.5,95.5,,1.8,1.8,1.8,,,,1.5
IUNG2,2024-08-08T20:00:00Z,18.2,17.5,17.85,99.9,98.5,99.62,,3.5,0.5,1.62,,,,5.2
IUNG2,2024-08-08T21:00:00Z,17.6,17.3,17.48,99.9,99.8,99.83,,2.5,0.6,1.62,,,,0.3
IUNG2,2024-08-08T22:00:00Z,17.7,17.4,17.55,99.9,99.8,99.83,,2.0,0.0,1.4,,,,0.5
IUNG2,2024-08-08T23:00:00Z,17.9,17.6,17.78,99.9,99.8,99.87,,1.5,0.0,0.9,,,,1.9
IUNG2,2024-08-09T00:00:00Z,17.6,17.2,17.38,99.9,99.8,99.83,,1.7,1.3,1.48,,,,2.5
IUNG2,2024-08-09T01:00:00Z,17.2,17.1,17.18,99.9,99.8,99.83,,2.0,1.5,1.8,,,,1.0
IUNG2,2024-08-09T02:00:00Z,17.2,17.1,17.18,99.9,99.8,99.82,,2.1,1.7,1.9,,,,0.4
IUNG2,2024-08-09T03:00:00Z,17.5,17.2,17.33,99.9,99.8,99.83,,1.8,1.5,1.67,,,,0.1
IUNG2,2024-08-09T04:00:00Z,18.4,17.6,18.08,99.9,99.9,99.9,,2.6,1.5,2.08,,,,0.0
IUNG2,2024-08-09T05:00:00Z,19.2,18.5,18.87,99.9,99.9,99.9,,2.6,1.8,2.2,,,,0.1
IUNG2,2024-08-09T06:00:00Z,19.2,19.1,19.17,99.9,99.0,99.57,,3.0,2.5,2.73,,,,0.0
IUNG2,2024-08-09T07:00:00Z,20.2,19.3,19.82,97.3,91.2,93.25,,3.0,2.3,2.68,,,,0.1
IUNG2,2024-08-09T08:00:00Z,19.6,19.6,19.6,96.1,96.1,96.1,,1.9,1.9,1.9,,,,0.0
IUNG2,2024-08-09T09:00:00Z,,,,,,,,,,,,,,0.0
IUNG2,2024-08-09T10:00:00Z,21.7,21.7,21.7,70.5,70.5,70.5,,2.6,2.6,2.6,,,,0.1
IUNG2,2024-08-09T11:00:00Z,23.7,22.4,23.24,65.0,59.1,61.98,,2.9,2.4,2.68,,,,0.0
IUNG2,2024-08-09T12:00:00Z,23.5,23.0,23.23,60.1,59.2,59.7,,2.0,1.5,1.73,,,,0.0
IUNG2,2024-08-09T13:00:00Z,24.8,23.1,24.02,59.4,50.3,53.63,,2.5,1.6,2.05,,,,0.1
IUNG2,2024-08-09T14:00:00Z,24.9,24.1,24.63,52.6,48.2,50.48,,2.9,1.5,2.2,,,,0.0
IUNG2,2024-08-09T15:00:00Z,24.8,23.9,24.25,52.4,47.8,50.3,,2.6,1.2,1.88,,,,0.0
IUNG2,2024-08-09T16:00:00Z,23.8,20.3,22.2,70.8,53.3,62.42,,1.2,0.2,0.63,,,,0.0
IUNG2,2024-08-09T17:00:00Z,19.8,17.7,18.58,99.9,74.2,86.08,,0.4,0.0,0.07,,,,0.0
IUNG2,2024-08-09T18:00:00Z,17.6,16.2,16.87,99.9,99.8,99.82,,0.9,0.0,0.23,,,,0.0
IUNG2,2024-08-09T19:00:00Z,16.6,15.9,16.3,99.8,99.8,99.8,,0.9,0.1,0.57,,,,0.0
IUNG2,2024-08-09T20:00:00Z,16.4,15.9,16.23,99.8,99.8,99.8,,0.3,0.0,0.15,,,,0.0
IUNG2,2024-08-09T21:00:00Z,16.4,16.2,16.37,99.8,99.8,99.8,,0.8,0.5,0.67,,,,0.1
IUNG2,2024-08-09T22:00:00Z,16.2,15.6,15.98,99.8,99.8,99.8,,1.3,0.4,0.82,,,,0.0
IUNG2,2024-08-09T23:00:00Z,16.1,15.9,16.02,99.8,99.8,99.8,,1.4,1.0,1.23,,,,0.0
IUNG2,2024-08-10T00:00:00Z,16.2,15.6,15.85,99.8,99.8,99.8,,0.9,0.2,0.57,,,,0.0
IUNG2,2024-08-10T01:00:00Z,16.6,16.0,16.37,99.9,99.8,99.82,,1.7,0.2,0.87,,,,0.0
IUNG2,2024-08-10T02:00:00Z,15.6,14.8,15.22,99.8,99.8,99.8,,1.0,0.0,0.58,,,,0.0
IUNG2,2024-08-10T03:00:00Z,16.9,14.5,15.77,99.8,99.8,99.8,,0.9,0.3,0.62,,,,0.0
IUNG2,2024-08-10T04:00:00Z,18.9,17.1,17.88,99.9,95.0,98.82,,1.1,0.8,0.95,,,,0.0
IUNG2,2024-08-10T05:00:00Z,22.8,19.4,20.82,90.9,65.5,80.42,,3.2,0.8,1.58,,,,0.0
IUNG2,2024-08-10T06:00:00Z,23.4,22.4,22.96,64.7,63.3,63.9,,3.4,2.3,2.98,,,,0.0
IUNG2,2024-08-10T07:00:00Z,24.0,22.3,23.0,63.5,63.0,63.2,,2.9,2.6,2.77,,,,0.0
IUNG2,2024-08-10T08:00:00Z,,,,,,,,,,,,,,0.0
IUNG2,2024-08-10T09:00:00Z,,,,,,,,,,,,,,0.0
IUNG2,2024-08-10T10:00:00Z,,,,,,,,,,,,,,0.0
IUNG2,2024-08-10T11:00:00Z,,,,,,,,,,,,,,0.1
IUNG2,2024-08-10T12:00:00Z,,,,,,,,,,,,,,0.0
IUNG2,2024-08-10T13:00:00Z,26.7,26.4,26.55,54.1,52.1,53.1,,3.2,3.1,3.15,,,,0.0
IUNG2,2024-08-10T14:00:00Z,26.9,26.6,26.72,51.3,50.6,51.08,,2.7,2.3,2.6,,,,0.0
IUNG2,2024-08-10T15:00:00Z,26.7,26.1,26.37,52.6,51.0,51.98,,2.3,1.6,2.0,,,,0.0
IUNG2,2024-08-10T16:00:00Z,25.9,23.9,25.07,63.2,53.4,58.05,,1.5,0.9,1.12,,,,0.0
IUNG2,2024-08-10T17:00:00Z,23.5,21.3,22.03,77.1,65.1,73.03,,1.5,0.9,1.28,,,,0.0
IUNG2,2024-08-10T18:00:00Z,20.5,18.7,19.52,98.1,79.3,87.12,,0.7,0.0,0.32,,,,0.0
IUNG2,2024-08-10T19:00:00Z,18.3,17.7,18.05,99.9,99.8,99.87,,0.4,0.0,0.15,,,,0.0
IUNG2,2024-08-10T20:00:00Z,17.1,16.7,16.8,99.8,99.8,99.8,,0.6,0.0,0.28,,,,0.0
IUNG2,2024-08-10T21:00:00Z,16.5,16.0,16.28,99.8,99.8,99.8,,0.8,0.4,0.58,,,,0.0
IUNG2,2024-08-10T22:00:00Z,16.5,15.8,16.18,99.8,99.8,99.8,,0.6,0.0,0.37,,,,0.0
IUNG2,2024-08-10T23:00:00Z,16.3,15.9,16.12,99.9,99.8,99.82,,0.8,0.0,0.28,,,,0.0
IUNG2,2024-08-11T00:00:00Z,16.4,16.2,16.27,99.8,99.8,99.8,,0.4,0.0,0.12,,,,0.0
IUNG2,2024-08-11T01:00:00Z,15.9,15.4,15.55,99.8,99.8,99.8,,0.9,0.7,0.82,,,,0.0
IUNG2,2024-08-11T02:00:00Z,15.7,15.5,15.6,99.8,99.8,99.8,,0.9,0.0,0.52,,,,0.0
IUNG2,2024-08-11T03:00:00Z,16.5,15.7,15.97,99.9,99.8,99.83,,0.5,0.0,0.12,,,,0.0
IUNG2,2024-08-11T04:00:00Z,19.2,16.8,17.85,99.9,99.7,99.87,,1.4,1.0,1.22,,,,0.0
IUNG2,2024-08-11T05:00:00Z,22.6,19.9,21.42,95.8,71.1,81.75,,2.7,1.4,2.05,,,,0.1
IUNG2,2024-08-11T06:00:00Z,23.8,22.3,23.0,70.8,65.5,68.25,,2.7,2.0,2.25,,,,0.0
IUNG2,2024-08-11T07:00:00Z,25.1,22.9,24.12,63.4,51.5,58.08,,3.6,3.0,3.38,,,,0.0
IUNG2,2024-08-11T08:00:00Z,25.6,24.7,25.15,49.5,45.3,47.4,,4.2,3.6,3.9,,,,0.0
IUNG2,2024-08-11T09:00:00Z,26.0,25.4,25.77,47.8,45.7,47.03,,3.8,3.7,3.77,,,,0.0
IUNG2,2024-08-11T10:00:00Z,26.1,24.5,25.27,51.8,46.6,48.27,,5.1,3.7,4.53,,,,0.0
IUNG2,2024-08-11T11:00:00Z,25.5,25.0,25.28,53.0,50.2,51.72,,4.9,3.3,4.12,,,,0.0
IUNG2,2024-08-11T12:00:00Z,25.9,24.7,25.42,52.4,47.3,49.75,,5.1,4.0,4.38,,,,0.0
IUNG2,2024-08-11T13:00:00Z,26.6,25.6,26.23,48.0,46.0,47.25,,4.6,4.0,4.4,,,,0.0
IUNG2,2024-08-11T14:00:00Z,26.2,24.5,25.38,53.3,47.5,49.87,,4.8,3.5,4.25,,,,0.0
IUNG2,2024-08-11T15:00:00Z,25.1,24.5,24.77,54.6,52.0,53.23,,3.8,2.5,3.25,,,,0.0
IUNG2,2024-08-11T16:00:00Z,24.5,22.3,23.43,61.2,54.9,57.95,,2.6,1.8,2.3,,,,0.0
IUNG2,2024-08-11T17:00:00Z,22.0,20.1,21.05,69.6,62.2,65.82,,1.8,0.9,1.32,,,,0.0
IUNG2,2024-08-11T18:00:00Z,20.2,18.1,19.15,78.5,68.8,73.88,,1.6,0.5,1.3,,,,0.0
IUNG2,2024-08-11T19:00:00Z,18.0,16.5,17.13,89.4,79.0,83.23,,0.6,0.2,0.4,,,,0.0
IUNG2,2024-08-11T20:00:00Z,16.3,15.2,15.7,99.8,97.9,99.48,,0.9,0.5,0.7,,,,0.0
IUNG2,2024-08-11T21:00:00Z,14.9,14.4,14.63,99.8,99.4,99.73,,1.8,1.1,1.42,,,,0.0
IUNG2,2024-08-11T22:00:00Z,14.3,13.2,13.65,99.8,99.8,99.8,,1.2,0.5,0.98,,,,0.0
IUNG2,2024-08-11T23:00:00Z,13.5,13.1,13.28,99.8,99.8,99.8,,0.6,0.1,0.33,,,,0.0
IUNG2,2024-08-12T00:00:00Z,13.4,12.5,12.95,99.8,99.8,99.8,,2.0,0.8,1.5,,,,0.0
IUNG2,2024-08-12T01:00:00Z,13.3,11.7,12.6,99.8,99.8,99.8,,1.8,0.5,1.18,,,,0.0
IUNG2,2024-08-12T02:00:00Z,11.5,11.2,11.33,99.8,99.8,99.8,,0.8,0.0,0.37,,,,0.0
IUNG2,2024-08-12T03:00:00Z,13.2,11.5,12.2,99.8,99.8,99.8,,0.4,0.1,0.25,,,,0.0
IUNG2,2024-08-12T04:00:00Z,16.1,13.6,14.88,99.8,87.8,94.02,,1.4,0.8,1.08,,,,0.0
IUNG2,2024-08-12T05:00:00Z,19.4,16.5,18.25,84.5,64.8,73.38,,0.9,0.6,0.78,,,,0.0
IUNG2,2024-08-12T06:00:00Z,21.3,20.0,20.77,62.5,58.5,60.52,,0.8,0.3,0.58,,,,0.0
IUNG2,2024-08-12T07:00:00Z,22.6,21.5,22.12,53.1,41.0,48.93,,1.8,0.6,1.18,,,,0.0
IUNG2,2024-08-12T08:00:00Z,23.5,21.4,22.88,46.6,44.6,45.65,,1.7,0.8,1.3,,,,0.0
IUNG2,2024-08-12T09:00:00Z,24.7,23.8,24.23,42.2,40.1,41.25,,2.1,1.3,1.65,,,,0.0
IUNG2,2024-08-12T10:00:00Z,24.6,24.3,24.48,43.4,41.5,42.45,,1.8,1.0,1.45,,,,0.0
IUNG2,2024-08-12T11:00:00Z,25.7,24.7,25.27,42.4,37.2,39.9,,2.0,1.2,1.58,,,,0.0
IUNG2,2024-08-12T12:00:00Z,25.9,25.5,25.72,38.8,36.7,37.45,,2.6,1.2,1.83,,,,0.0
IUNG2,2024-08-12T13:00:00Z,26.1,25.5,25.82,39.7,36.8,38.23,,1.9,0.8,1.27,,,,0.0
IUNG2,2024-08-12T14:00:00Z,26.3,25.7,26.07,39.8,38.4,38.92,,2.0,1.2,1.55,,,,0.0
IUNG2,2024-08-12T15:00:00Z,26.1,24.8,25.25,53.7,40.3,46.58,,1.7,0.8,1.33,,,,0.0
IUNG2,2024-08-12T16:00:00Z,24.3,21.8,23.33,57.2,52.6,54.77,,0.8,0.0,0.28,,,,0.0
IUNG2,2024-08-12T17:00:00Z,20.9,17.8,19.3,77.3,61.5,70.72,,0.1,0.0,0.02,,,,0.0
IUNG2,2024-08-12T18:00:00Z,17.6,16.1,16.87,92.2,77.9,85.65,,1.0,0.0,0.37,,,,0.0
IUNG2,2024-08-12T19:00:00Z,15.9,15.2,15.62,99.8,95.8,99.13,,0.2,0.0,0.05,,,,0.0
IUNG2,2024-08-12T20:00:00Z,15.3,14.8,15.07,99.8,99.8,99.8,,1.4,0.3,0.95,,,,0.0
IUNG2,2024-08-12T21:00:00Z,14.4,13.8,14.13,99.8,99.8,99.8,,0.9,0.0,0.4,,,,0.0
IUNG2,2024-08-12T22:00:00Z,14.0,12.7,13.35,99.8,99.8,99.8,,0.9,0.0,0.52,,,,0.0
IUNG2,2024-08-12T23:00:00Z,13.3,12.5,12.98,99.8,99.8,99.8,,0.4,0.0,0.18,,,,0.0
IUNG2,2024-08-13T00:00:00Z,12.5,11.7,12.07,99.8,99.8,99.8,,1.4,0.2,0.85,,,,0.0
IUNG2,2024-08-13T01:00:00Z,12.6,10.7,11.52,99.8,99.8,99.8,,1.4,0.2,0.6,,,,0.0
IUNG2,2024-08-13T02:00:00Z,12.3,11.4,11.98,99.8,99.8,99.8,,1.5,0.4,1.13,,,,0.0
IUNG2,2024-08-13T03:00:00Z,13.7,11.1,12.12,99.8,99.8,99.8,,0.0,0.0,0.0,,,,0.0
IUNG2,2024-08-13T04:00:00Z,16.8,14.1,15.53,99.8,82.3,92.02,,0.6,0.0,0.25,,,,0.0
IUNG2,2024-08-13T05:00:00Z,19.2,17.3,18.33,81.1,69.8,75.27,,1.0,0.5,0.77,,,,0.0
IUNG2,2024-08-13T06:00:00Z,21.4,19.7,20.47,68.1,60.5,64.9,,1.0,0.5,0.8,,,,0.0
IUNG2,2024-08-13T07:00:00Z,22.7,21.6,22.12,58.8,53.3,55.73,,1.8,1.0,1.28,,,,0.0
IUNG2,2024-08-13T08:00:00Z,24.0,22.4,23.55,52.5,44.1,49.03,,1.9,1.1,1.48,,,,0.0
IUNG2,2024-08-13T09:00:00Z,25.7,24.5,25.12,44.5,39.4,41.83,,2.1,0.8,1.6,,,,0.0
IUNG2,2024-08-13T10:00:00Z,25.9,25.4,25.62,40.0,37.8,39.28,,2.2,1.0,1.67,,,,0.0
IUNG2,2024-08-13T11:00:00Z,26.7,26.3,26.48,39.0,35.1,37.18,,1.6,1.2,1.38,,,,0.0
IUNG2,2024-08-13T12:00:00Z,26.7,26.4,26.57,39.1,36.3,37.53,,2.3,1.1,1.6,,,,0.0
IUNG2,2024-08-13T13:00:00Z,27.1,26.7,26.82,38.1,36.5,37.13,,1.8,1.3,1.57,,,,0.0
IUNG2,2024-08-13T14:00:00Z,26.8,26.5,26.7,38.2,36.8,37.44,,1.9,1.7,1.8,,,,0.0
IUNG2,2024-08-13T15:00:00Z,26.1,25.5,25.77,41.5,39.0,40.22,,2.1,1.2,1.6,,,,0.0
IUNG2,2024-08-13T16:00:00Z,25.1,21.5,23.8,57.6,41.9,48.15,,1.4,0.2,0.55,,,,0.0
IUNG2,2024-08-13T17:00:00Z,20.7,18.5,19.53,66.1,58.4,62.52,,0.4,0.0,0.17,,,,0.0
IUNG2,2024-08-13T18:00:00Z,18.3,17.2,17.75,69.3,64.6,66.95,,0.7,0.2,0.42,,,,0.0
IUNG2,2024-08-13T19:00:00Z,17.0,16.2,16.58,71.0,69.2,70.22,,0.6,0.3,0.45,,,,0.0
IUNG2,2024-08-13T20:00:00Z,16.3,15.2,15.88,73.6,68.9,70.4,,1.0,0.3,0.7,,,,0.0
IUNG2,2024-08-13T21:00:00Z,14.8,13.8,14.43,79.7,75.6,77.1,,0.6,0.3,0.47,,,,0.0
IUNG2,2024-08-13T22:00:00Z,14.2,13.5,13.77,79.7,76.8,78.18,,0.6,0.3,0.52,,,,0.0
IUNG2,2024-08-13T23:00:00Z,13.9,13.4,13.65,78.6,75.2,76.5,,1.1,0.6,0.88,,,,0.1
IUNG2,2024-08-14T00:00:00Z,13.1,12.5,12.97,80.0,77.6,78.67,,1.2,0.7,0.97,,,,0.0
IUNG2,2024-08-14T01:00:00Z,12.3,12.0,12.22,81.8,80.7,81.2,,1.0,0.6,0.82,,,,0.0
IUNG2,2024-08-14T02:00:00Z,12.1,11.6,11.78,85.0,81.4,83.5,,0.9,0.7,0.77,,,,0.0
IUNG2,2024-08-14T03:00:00Z,14.1,11.7,12.7,85.2,75.0,80.68,,1.3,0.4,0.87,,,,0.0
IUNG2,2024-08-14T04:00:00Z,16.4,14.7,15.55,73.3,68.3,70.93,,1.8,1.0,1.5,,,,0.0
IUNG2,2024-08-14T05:00:00Z,18.7,16.6,17.73,67.4,62.3,65.0,,2.6,1.8,2.05,,,,0.0
IUNG2,2024-08-14T06:00:00Z,20.9,18.9,19.83,62.8,57.9,60.32,,2.9,1.9,2.28,,,,0.0
IUNG2,2024-08-14T07:00:00Z,23.4,21.0,22.25,57.6,51.4,54.45,,2.8,2.2,2.58,,,,0.0
IUNG2,2024-08-14T08:00:00Z,25.0,23.9,24.43,49.9,44.5,46.95,,3.8,2.9,3.38,,,,0.0
IUNG2,2024-08-14T09:00:00Z,24.9,23.4,24.12,41.6,38.6,40.63,,4.8,3.5,4.03,,,,0.0
IUNG2,2024-08-14T10:00:00Z,24.5,24.5,24.5,38.6,38.6,38.6,,3.9,3.9,3.9,,,,0.0
IUNG2,2024-08-14T11:00:00Z,26.5,25.3,25.97,37.3,35.2,36.13,,3.6,2.7,3.2,,,,0.0
IUNG2,2024-08-14T12:00:00Z,27.3,26.1,26.95,36.0,34.8,35.58,,3.7,3.0,3.33,,,,0.0
IUNG2,2024-08-14T13:00:00Z,27.8,26.6,27.28,37.3,35.7,36.6,,3.6,2.7,3.12,,,,0.0
IUNG2,2024-08-14T14:00:00Z,27.5,27.1,27.25,38.9,37.6,38.48,,3.2,2.6,2.85,,,,0.0
IUNG2,2024-08-14T15:00:00Z,27.0,26.0,26.5,43.9,40.0,41.7,,3.2,1.8,2.52,,,,0.0
IUNG2,2024-08-14T16:00:00Z,25.7,23.3,24.55,52.2,44.9,48.5,,2.2,1.4,1.7,,,,0.0
IUNG2,2024-08-14T17:00:00Z,22.9,21.7,22.25,58.4,53.8,56.18,,1.6,1.3,1.45,,,,0.0
IUNG2,2024-08-14T18:00:00Z,21.5,19.4,20.15,67.7,59.2,64.55,,1.5,1.2,1.32,,,,0.0
IUNG2,2024-08-14T19:00:00Z,19.4,18.3,18.95,72.8,67.7,69.5,,1.3,0.7,1.02,,,,0.0
IUNG2,2024-08-14T20:00:00Z,18.2,17.4,17.8,76.4,73.1,75.02,,1.1,0.6,0.77,,,,0.0
IUNG2,2024-08-14T21:00:00Z,17.6,17.2,17.38,77.7,75.8,76.73,,1.2,0.7,0.97,,,,0.0
IUNG2,2024-08-14T22:00:00Z,17.1,16.5,16.68,80.1,77.0,79.03,,1.3,0.7,0.98,,,,0.0
IUNG2,2024-08-14T23:00:00Z,16.6,16.0,16.3,81.2,79.1,80.13,,1.2,0.8,1.05,,,,0.0
IUNG2,2024-08-15T00:00:00Z,16.0,15.5,15.72,82.4,81.2,81.77,,1.1,0.6,0.92,,,,0.0
IUNG2,2024-08-15T01:00:00Z,15.6,14.6,14.98,87.7,81.5,84.98,,1.0,0.1,0.57,,,,0.0
IUNG2,2024-08-15T02:00:00Z,14.7,14.6,14.65,87.0,85.8,86.4,,1.1,0.7,0.88,,,,0.0
IUNG2,2024-08-15T03:00:00Z,16.0,14.8,15.27,86.3,80.6,83.55,,1.4,0.9,1.13,,,,0.0
IUNG2,2024-08-15T04:00:00Z,18.1,16.6,17.33,78.3,75.0,76.53,,1.9,1.0,1.3,,,,0.0
IUNG2,2024-08-15T05:00:00Z,20.1,18.2,19.23,74.1,68.9,71.18,,2.1,0.8,1.47,,,,0.0
IUNG2,2024-08-15T06:00:00Z,22.0,20.4,21.2,68.6,64.3,66.53,,1.4,0.7,1.07,,,,0.0
IUNG2,2024-08-15T07:00:00Z,24.6,22.6,23.47,63.4,59.8,61.72,,1.8,1.3,1.48,,,,0.0
IUNG2,2024-08-15T08:00:00Z,26.3,25.1,25.7,58.9,55.3,57.18,,1.4,1.0,1.2,,,,0.0
IUNG2,2024-08-15T09:00:00Z,29.1,27.2,28.08,53.4,48.1,51.18,,1.2,0.6,0.95,,,,0.0
IUNG2,2024-08-15T10:00:00Z,30.1,29.2,29.52,48.6,43.9,47.15,,1.6,0.9,1.23,,,,0.0
IUNG2,2024-08-15T11:00:00Z,31.4,30.1,30.68,44.9,43.1,43.97,,1.7,0.6,1.13,,,,0.0
IUNG2,2024-08-15T12:00:00Z,30.6,30.1,30.38,48.8,45.9,47.78,,2.3,1.4,1.78,,,,0.0
IUNG2,2024-08-15T13:00:00Z,31.0,30.0,30.6,50.8,46.0,48.1,,2.4,0.7,1.62,,,,0.0
IUNG2,2024-08-15T14:00:00Z,29.1,28.7,28.87,57.4,53.9,54.93,,1.8,0.0,1.07,,,,0.0
IUNG2,2024-08-15T15:00:00Z,28.9,27.4,28.27,58.0,54.1,56.0,,2.9,1.4,1.85,,,,0.0
IUNG2,2024-08-15T16:00:00Z,27.2,24.8,26.08,68.6,58.4,63.63,,2.8,1.3,1.92,,,,0.0
IUNG2,2024-08-15T17:00:00Z,24.3,22.0,23.25,77.7,67.1,71.73,,3.5,0.7,1.98,,,,0.0
IUNG2,2024-08-15T18:00:00Z,22.5,21.7,22.1,83.2,77.1,79.62,,1.9,0.6,1.03,,,,0.0
IUNG2,2024-08-15T19:00:00Z,21.2,20.2,20.62,96.1,85.4,91.75,,1.2,0.3,0.73,,,,0.0
IUNG2,2024-08-15T20:00:00Z,20.1,19.8,20.0,99.9,99.9,99.9,,0.9,0.0,0.27,,,,0.0
IUNG2,2024-08-15T21:00:00Z,19.8,19.2,19.5,99.9,99.9,99.9,,0.7,0.0,0.27,,,,0.0
IUNG2,2024-08-15T22:00:00Z,19.4,18.7,18.95,99.9,99.9,99.9,,0.5,0.0,0.2,,,,0.0
IUNG2,2024-08-15T23:00:00Z,18.6,17.9,18.28,99.9,99.8,99.85,,0.6,0.0,0.32,,,,0.0
IUNG2,2024-08-16T00:00:00Z,18.6,17.9,18.17,99.9,99.8,99.83,,1.0,0.1,0.42,,,,0.0
IUNG2,2024-08-16T01:00:00Z,17.9,16.7,17.42,99.9,99.8,99.82,,0.7,0.0,0.28,,,,0.0
IUNG2,2024-08-16T02:00:00Z,17.7,16.6,17.18,99.8,99.8,99.8,,0.1,0.0,0.02,,,,0.0
IUNG2,2024-08-16T03:00:00Z,18.3,16.8,17.55,99.9,99.8,99.83,,1.0,0.0,0.45,,,,0.0
IUNG2,2024-08-16T04:00:00Z,21.2,18.5,19.77,99.9,94.5,98.78,,1.0,0.2,0.62,,,,0.0
IUNG2,2024-08-16T05:00:00Z,24.4,22.0,23.34,89.8,70.9,79.56,,1.6,0.6,1.04,,,,0.0
IUNG2,2024-08-16T06:00:00Z,26.4,24.9,25.77,68.4,55.9,61.73,,2.6,1.4,2.12,,,,0.0
IUNG2,2024-08-16T07:00:00Z,27.9,26.5,27.2,55.9,54.6,55.53,,3.0,2.1,2.42,,,,0.0
IUNG2,2024-08-16T08:00:00Z,28.9,27.9,28.42,55.9,52.9,54.4,,2.9,2.5,2.63,,,,0.0
IUNG2,2024-08-16T09:00:00Z,29.6,28.8,29.18,54.4,49.3,52.2,,3.2,2.3,2.63,,,,0.0
IUNG2,2024-08-16T10:00:00Z,30.4,29.6,30.03,48.0,45.9,47.13,,3.3,2.5,3.0,,,,0.0
IUNG2,2024-08-16T11:00:00Z,31.0,30.3,30.7,45.6,42.6,43.67,,3.6,2.9,3.38,,,,0.0
IUNG2,2024-08-16T12:00:00Z,31.2,30.9,31.0,43.4,41.6,42.7,,3.0,2.0,2.67,,,,0.0
IUNG2,2024-08-16T13:00:00Z,31.3,31.0,31.17,41.5,40.6,40.97,,3.1,2.0,2.32,,,,0.0
IUNG2,2024-08-16T14:00:00Z,31.2,30.9,31.08,42.0,41.2,41.65,,2.4,1.6,1.9,,,,0.0
IUNG2,2024-08-16T15:00:00Z,30.9,29.8,30.48,45.5,42.0,43.93,,1.5,0.2,0.75,,,,0.0
IUNG2,2024-08-16T16:00:00Z,29.4,26.2,27.88,58.6,47.9,53.05,,0.0,0.0,0.0,,,,0.0
IUNG2,2024-08-16T17:00:00Z,25.6,23.1,24.22,72.3,60.7,66.67,,0.0,0.0,0.0,,,,0.0
IUNG2,2024-08-16T18:00:00Z,22.9,21.5,22.13,88.1,73.5,80.13,,0.0,0.0,0.0,,,,0.1
IUNG2,2024-08-16T19:00:00Z,21.3,20.5,20.75,99.9,89.1,95.53,,0.0,0.0,0.0,,,,0.0
IUNG2,2024-08-16T20:00:00Z,20.4,19.5,19.87,99.9,98.9,99.48,,0.0,0.0,0.0,,,,0.0
IUNG2,2024-08-16T21:00:00Z,19.5,19.0,19.33,99.9,99.9,99.9,,0.6,0.0,0.23,,,,0.0
IUNG2,2024-08-16T22:00:00Z,19.0,17.9,18.3,99.9,99.8,99.85,,0.5,0.0,0.1,,,,0.0
IUNG2,2024-08-16T23:00:00Z,18.5,17.9,18.3,99.9,99.8,99.85,,0.9,0.0,0.27,,,,0.0
IUNG2,2024-08-17T00:00:00Z,18.2,17.8,17.94,99.8,99.8,99.8,,1.2,0.0,0.52,,,,0.0
IUNG2,2024-08-17T01:00:00Z,17.8,17.3,17.6,99.8,99.8,99.8,,0.8,0.0,0.4,,,,0.0
IUNG2,2024-08-17T02:00:00Z,17.3,17.0,17.08,99.8,99.8,99.8,,1.0,0.0,0.48,,,,0.0
IUNG2,2024-08-17T03:00:00Z,18.8,17.3,17.8,99.9,99.8,99.85,,1.2,0.1,0.55,,,,0.0
IUNG2,2024-08-17T04:00:00Z,22.2,19.5,21.02,99.8,87.4,93.12,,1.1,0.2,0.68,,,,0.0
IUNG2,2024-08-17T05:00:00Z,24.5,22.6,23.57,81.0,71.3,75.23,,1.4,0.8,1.15,,,,0.0
IUNG2,2024-08-17T06:00:00Z,25.4,25.0,25.3,69.2,67.5,68.33,,2.0,1.2,1.53,,,,0.0
IUNG2,2024-08-17T07:00:00Z,26.6,25.7,26.15,66.8,64.0,65.32,,3.6,2.2,2.82,,,,0.0
IUNG2,2024-08-17T08:00:00Z,26.6,26.1,26.37,65.3,61.1,63.68,,4.6,2.3,3.43,,,,0.0
IUNG2,2024-08-17T09:00:00Z,27.9,25.9,26.4,68.5,60.4,66.38,,3.1,2.5,2.77,,,,0.0
IUNG2,2024-08-17T10:00:00Z,29.4,28.3,28.92,57.7,50.8,53.83,,2.8,1.6,2.22,,,,0.0
IUNG2,2024-08-17T11:00:00Z,27.8,27.0,27.35,58.7,54.9,57.27,,4.3,3.1,3.53,,,,0.0
IUNG2,2024-08-17T12:00:00Z,29.6,27.8,28.77,56.0,49.3,51.85,,2.6,0.9,1.92,,,,0.0
IUNG2,2024-08-17T13:00:00Z,29.8,29.4,29.63,47.8,44.8,46.15,,1.7,1.0,1.32,,,,0.0
IUNG2,2024-08-17T14:00:00Z,28.8,28.2,28.35,54.0,51.0,52.9,,1.6,1.2,1.45,,,,0.0
IUNG2,2024-08-17T15:00:00Z,28.2,27.3,27.83,58.9,51.2,54.98,,1.4,0.2,0.95,,,,0.0
IUNG2,2024-08-17T16:00:00Z,26.8,25.2,25.94,64.4,60.2,61.72,,0.7,0.0,0.22,,,,0.0
IUNG2,2024-08-17T17:00:00Z,24.4,22.5,23.17,79.4,68.6,76.77,,0.4,0.0,0.1,,,,0.0
IUNG2,2024-08-17T18:00:00Z,22.6,21.3,22.07,92.4,77.9,82.93,,1.9,0.2,1.12,,,,0.0
IUNG2,2024-08-17T19:00:00Z,23.3,22.4,22.78,78.0,73.5,75.83,,2.2,1.2,1.67,,,,0.0
IUNG2,2024-08-17T20:00:00Z,22.4,20.2,21.38,85.6,76.0,80.0,,1.5,0.9,1.23,,,,0.0
IUNG2,2024-08-17T21:00:00Z,20.2,19.1,19.47,99.9,86.8,94.75,,1.4,0.4,0.85,,,,0.0
IUNG2,2024-08-17T22:00:00Z,19.3,18.9,19.13,99.9,99.9,99.9,,1.1,0.5,0.82,,,,0.0
IUNG2,2024-08-17T23:00:00Z,19.5,19.1,19.35,99.9,99.9,99.9,,1.4,0.6,0.92,,,,0.0
IUNG2,2024-08-18T00:00:00Z,19.4,19.3,19.37,99.9,99.9,99.9,,0.9,0.0,0.35,,,,0.0
IUNG2,2024-08-18T01:00:00Z,19.6,19.3,19.47,99.9,99.9,99.9,,0.6,0.0,0.22,,,,0.0
IUNG2,2024-08-18T02:00:00Z,20.1,19.5,19.85,99.9,99.9,99.9,,1.5,0.7,1.08,,,,0.0
IUNG2,2024-08-18T03:00:00Z,20.7,19.9,20.32,99.9,99.2,99.77,,1.2,0.2,0.82,,,,0.0
IUNG2,2024-08-18T04:00:00Z,22.1,20.9,21.48,98.1,93.2,95.23,,1.8,0.3,1.03,,,,0.0
IUNG2,2024-08-18T05:00:00Z,22.8,22.2,22.45,92.1,89.2,90.75,,0.7,0.2,0.5,,,,0.0
IUNG2,2024-08-18T06:00:00Z,24.0,23.1,23.68,86.5,73.3,78.75,,0.7,0.3,0.45,,,,0.0
IUNG2,2024-08-18T07:00:00Z,24.4,24.0,24.13,74.6,72.5,73.1,,1.2,0.8,1.0,,,,0.0
IUNG2,2024-08-18T08:00:00Z,25.6,24.6,25.12,72.1,66.8,69.43,,1.9,0.6,1.43,,,,0.0
IUNG2,2024-08-18T09:00:00Z,26.9,26.6,26.82,62.8,60.1,62.03,,2.8,1.5,2.35,,,,0.0
IUNG2,2024-08-18T10:00:00Z,27.9,26.7,27.45,62.3,56.3,58.8,,2.8,1.8,2.22,,,,0.0
IUNG2,2024-08-18T11:00:00Z,28.8,28.3,28.52,54.7,53.2,53.97,,2.1,1.0,1.57,,,,0.0
IUNG2,2024-08-18T12:00:00Z,29.8,29.2,29.37,50.3,48.9,49.9,,2.4,1.7,2.1,,,,0.0
IUNG2,2024-08-18T13:00:00Z,29.7,29.4,29.58,50.4,47.9,49.53,,2.8,2.3,2.45,,,,0.0
IUNG2,2024-08-18T14:00:00Z,29.8,29.3,29.52,52.3,48.1,49.97,,2.1,0.6,1.45,,,,0.0
IUNG2,2024-08-18T15:00:00Z,29.9,28.3,29.12,57.0,47.9,51.77,,1.2,0.0,0.52,,,,0.0
IUNG2,2024-08-18T16:00:00Z,27.3,25.7,26.35,66.2,61.4,63.6,,1.1,0.0,0.45,,,,0.0
IUNG2,2024-08-18T17:00:00Z,25.1,24.2,24.63,77.0,67.1,72.22,,0.1,0.0,0.02,,,,0.0
IUNG2,2024-08-18T18:00:00Z,24.0,22.7,23.38,84.3,73.8,78.17,,0.0,0.0,0.0,,,,0.0
IUNG2,2024-08-18T19:00:00Z,22.3,21.0,21.68,99.9,84.0,94.58,,0.5,0.0,0.15,,,,0.0
IUNG2,2024-08-18T20:00:00Z,21.2,20.6,20.83,99.9,99.8,99.88,,0.9,0.3,0.65,,,,0.0
IUNG2,2024-08-18T21:00:00Z,20.7,19.7,20.3,99.9,99.0,99.75,,0.5,0.0,0.28,,,,0.0
IUNG2,2024-08-18T22:00:00Z,20.4,19.9,20.1,99.9,99.9,99.9,,1.5,0.3,0.9,,,,0.0
IUNG2,2024-08-18T23:00:00Z,20.3,18.5,19.13,99.9,99.9,99.9,,0.7,0.0,0.28,,,,0.0
IUNG2,2024-08-19T00:00:00Z,19.3,18.3,18.98,99.9,99.9,99.9,,1.1,0.0,0.55,,,,0.0
IUNG2,2024-08-19T01:00:00Z,18.8,17.8,18.45,99.9,99.9,99.9,,1.3,0.1,0.67,,,,0.0
IUNG2,2024-08-19T02:00:00Z,18.9,17.9,18.55,99.9,99.8,99.88,,0.9,0.0,0.38,,,,0.0
IUNG2,2024-08-19T03:00:00Z,19.5,18.3,18.77,99.9,99.9,99.9,,0.6,0.0,0.25,,,,0.0
IUNG2,2024-08-19T04:00:00Z,22.5,20.1,21.18,99.9,89.1,96.98,,0.8,0.0,0.43,,,,0.0
IUNG2,2024-08-19T05:00:00Z,24.1,22.9,23.62,86.2,69.2,75.55,,2.8,1.8,2.25,,,,0.0
IUNG2,2024-08-19T06:00:00Z,24.8,23.9,24.22,74.1,66.6,69.43,,2.8,1.9,2.32,,,,0.0
IUNG2,2024-08-19T07:00:00Z,26.6,25.0,25.88,65.5,60.5,62.88,,3.0,2.2,2.48,,,,0.0
IUNG2,2024-08-19T08:00:00Z,27.7,27.1,27.33,59.4,56.6,58.47,,3.2,2.6,2.88,,,,0.0
IUNG2,2024-08-19T09:00:00Z,28.6,27.6,27.9,56.6,55.7,56.23,,3.3,2.7,3.02,,,,0.0
IUNG2,2024-08-19T10:00:00Z,29.1,28.6,28.97,55.6,54.7,55.0,,3.6,2.7,3.07,,,,0.0
IUNG2,2024-08-19T11:00:00Z,29.0,28.1,28.53,60.7,54.6,57.58,,4.6,2.6,3.53,,,,0.0
IUNG2,2024-08-19T12:00:00Z,29.1,27.9,28.6,60.6,53.1,56.72,,4.1,3.3,3.63,,,,0.0
IUNG2,2024-08-19T13:00:00Z,29.3,27.9,28.7,58.0,50.9,53.67,,4.2,3.5,3.85,,,,0.0
IUNG2,2024-08-19T14:00:00Z,27.7,26.7,27.28,61.9,59.7,60.57,,5.0,3.8,4.52,,,,0.0
IUNG2,2024-08-19T15:00:00Z,26.6,24.6,25.88,67.0,61.0,63.08,,4.9,3.7,4.32,,,,0.0
IUNG2,2024-08-19T16:00:00Z,24.1,22.2,23.2,74.1,68.1,70.57,,4.9,3.7,4.38,,,,0.0
IUNG2,2024-08-19T17:00:00Z,21.9,21.1,21.47,77.3,75.2,75.88,,3.2,2.6,2.9,,,,0.0
IUNG2,2024-08-19T18:00:00Z,20.9,20.6,20.73,81.4,78.8,80.7,,3.4,2.5,2.97,,,,0.0
IUNG2,2024-08-19T19:00:00Z,20.8,20.6,20.67,86.2,82.1,84.5,,3.4,2.2,2.78,,,,0.0
IUNG2,2024-08-19T20:00:00Z,20.5,20.3,20.42,91.1,86.6,88.75,,2.9,1.9,2.47,,,,0.0
IUNG2,2024-08-19T21:00:00Z,20.3,19.9,20.07,99.9,92.4,97.38,,3.2,1.9,2.7,,,,0.0
IUNG2,2024-08-19T22:00:00Z,19.9,19.8,19.82,99.9,99.9,99.9,,2.5,2.0,2.28,,,,0.0
IUNG2,2024-08-19T23:00:00Z,19.7,19.6,19.68,99.9,95.6,97.33,,2.8,2.3,2.58,,,,0.0
IUNG2,2024-08-20T00:00:00Z,19.3,18.6,18.9,99.9,97.7,99.52,,3.4,2.3,2.73,,,,0.0
IUNG2,2024-08-20T01:00:00Z,18.7,18.6,18.67,99.9,99.8,99.88,,2.6,1.8,2.15,,,,0.0
IUNG2,2024-08-20T02:00:00Z,18.7,18.2,18.52,99.9,99.8,99.88,,2.9,2.0,2.4,,,,0.0
IUNG2,2024-08-20T03:00:00Z,18.2,18.0,18.12,99.9,99.8,99.85,,2.8,2.0,2.38,,,,0.0
IUNG2,2024-08-20T04:00:00Z,18.2,17.8,17.98,99.9,98.9,99.47,,3.0,2.2,2.68,,,,0.0
IUNG2,2024-08-20T05:00:00Z,18.7,18.2,18.55,97.8,92.5,94.08,,2.9,2.3,2.58,,,,0.0
IUNG2,2024-08-20T06:00:00Z,19.2,18.7,18.93,92.5,81.2,86.88,,3.0,2.5,2.72,,,,0.0
IUNG2,2024-08-20T07:00:00Z,20.0,19.2,19.68,81.2,77.3,78.95,,2.9,2.1,2.47,,,,0.0
IUNG2,2024-08-20T08:00:00Z,21.1,20.1,20.6,77.8,74.8,76.07,,2.2,1.6,1.93,,,,0.0
IUNG2,2024-08-20T09:00:00Z,22.2,21.0,21.58,74.5,71.0,73.05,,2.2,1.1,1.68,,,,0.0
IUNG2,2024-08-20T10:00:00Z,23.0,22.4,22.67,70.8,69.3,70.18,,2.1,1.5,1.78,,,,0.0
IUNG2,2024-08-20T11:00:00Z,23.2,22.7,23.04,70.5,69.1,69.76,,1.7,0.9,1.25,,,,0.0
IUNG2,2024-08-20T12:00:00Z,23.7,23.4,23.53,68.8,67.3,68.07,,1.7,0.8,1.18,,,,0.0
IUNG2,2024-08-20T13:00:00Z,24.2,23.4,23.77,68.7,66.6,67.98,,1.4,0.2,0.77,,,,0.0
IUNG2,2024-08-20T14:00:00Z,24.1,23.6,23.83,68.6,65.9,66.92,,1.7,0.6,1.17,,,,0.0
IUNG2,2024-08-20T15:00:00Z,23.8,22.9,23.3,71.0,66.4,68.95,,1.6,0.7,1.02,,,,0.0
IUNG2,2024-08-20T16:00:00Z,22.8,22.3,22.55,75.5,72.0,73.43,,0.9,0.4,0.7,,,,0.0
IUNG2,2024-08-20T17:00:00Z,22.1,21.5,21.87,78.7,75.7,77.07,,0.8,0.3,0.55,,,,0.0
IUNG2,2024-08-20T18:00:00Z,21.2,20.0,20.65,86.2,80.2,83.22,,0.6,0.0,0.47,,,,0.0
IUNG2,2024-08-20T19:00:00Z,19.9,18.6,19.2,99.9,88.8,95.82,,0.1,0.0,0.02,,,,0.0
IUNG2,2024-08-20T20:00:00Z,18.6,17.7,18.18,99.9,99.8,99.83,,0.4,0.0,0.08,,,,0.0
IUNG2,2024-08-20T21:00:00Z,17.8,17.2,17.45,99.8,99.8,99.8,,0.5,0.0,0.12,,,,0.0
IUNG2,2024-08-20T22:00:00Z,16.8,16.3,16.5,99.8,99.8,99.8,,0.2,0.0,0.12,,,,0.0
IUNG2,2024-08-20T23:00:00Z,16.6,16.2,16.36,99.8,99.8,99.8,,0.9,0.0,0.3,,,,0.0
IUNG2,2024-08-21T00:00:00Z,16.1,15.5,15.86,99.8,99.8,99.8,,1.0,0.0,0.32,,,,0.0
IUNG2,2024-08-21T01:00:00Z,16.3,15.5,15.93,99.8,99.8,99.8,,1.3,0.1,0.65,,,,0.0
IUNG2,2024-08-21T02:00:00Z,16.4,15.9,16.07,99.8,99.8,99.8,,0.9,0.0,0.3,,,,0.0
IUNG2,2024-08-21T03:00:00Z,17.7,16.6,17.18,99.9,99.8,99.82,,0.3,0.1,0.22,,,,0.0
IUNG2,2024-08-21T04:00:00Z,19.3,17.9,18.58,99.9,99.8,99.87,,1.3,0.7,0.97,,,,0.0
IUNG2,2024-08-21T05:00:00Z,21.1,19.6,20.38,99.9,92.4,96.63,,1.6,0.7,1.13,,,,0.0
IUNG2,2024-08-21T06:00:00Z,22.9,21.4,22.07,90.5,81.2,85.82,,2.1,1.4,1.77,,,,0.0
IUNG2,2024-08-21T07:00:00Z,24.9,23.2,24.1,79.9,68.7,72.97,,1.5,0.9,1.22,,,,0.0
IUNG2,2024-08-21T08:00:00Z,26.3,24.7,25.33,69.0,63.6,66.25,,1.3,0.8,1.1,,,,0.0
IUNG2,2024-08-21T09:00:00Z,29.0,26.5,27.73,62.4,55.5,59.25,,2.8,1.1,1.67,,,,0.0
IUNG2,2024-08-21T10:00:00Z,29.3,28.6,29.0,56.3,54.4,55.42,,4.1,2.5,3.23,,,,0.0
IUNG2,2024-08-21T11:00:00Z,28.5,26.5,27.68,62.2,55.9,58.27,,6.0,4.0,5.12,,,,0.0
IUNG2,2024-08-21T12:00:00Z,25.5,20.8,22.97,88.0,64.7,74.9,,7.0,4.5,5.78,,,,0.0
IUNG2,2024-08-21T13:00:00Z,20.8,20.2,20.48,99.9,88.4,96.23,,4.6,2.2,2.93,,,,0.0
IUNG2,2024-08-21T14:00:00Z,20.1,19.9,19.97,99.9,99.9,99.9,,2.6,2.3,2.45,,,,0.0
IUNG2,2024-08-21T15:00:00Z,19.9,19.8,19.87,99.9,99.9,99.9,,2.1,1.7,1.93,,,,0.1
IUNG2,2024-08-21T16:00:00Z,19.8,19.6,19.75,99.9,99.9,99.9,,2.0,1.6,1.82,,,,0.0
IUNG2,2024-08-21T17:00:00Z,19.5,18.8,19.15,99.9,99.9,99.9,,1.8,1.3,1.48,,,,0.0
IUNG2,2024-08-21T18:00:00Z,18.8,18.6,18.68,99.9,99.8,99.88,,1.7,1.4,1.54,,,,0.0
IUNG2,2024-08-21T19:00:00Z,18.6,18.1,18.35,99.9,99.8,99.88,,1.9,0.9,1.28,,,,0.0
IUNG2,2024-08-21T20:00:00Z,19.4,18.6,19.05,99.9,84.5,89.93,,3.3,2.2,2.83,,,,0.0
IUNG2,2024-08-21T21:00:00Z,18.6,17.3,17.92,88.2,86.4,87.63,,2.3,1.7,2.08,,,,0.0
IUNG2,2024-08-21T22:00:00Z,17.1,16.0,16.5,94.9,88.2,91.7,,2.3,1.2,1.67,,,,0.0
IUNG2,2024-08-21T23:00:00Z,16.0,15.3,15.72,98.5,93.8,95.78,,1.7,0.9,1.37,,,,0.0
IUNG2,2024-08-22T00:00:00Z,15.5,14.8,15.13,99.8,96.6,98.93,,1.7,1.0,1.3,,,,0.0
IUNG2,2024-08-22T01:00:00Z,14.8,13.3,14.02,99.8,98.0,99.38,,1.7,0.7,1.1,,,,0.0
IUNG2,2024-08-22T02:00:00Z,13.5,13.1,13.27,99.8,99.8,99.8,,1.2,0.0,0.63,,,,0.0
IUNG2,2024-08-22T03:00:00Z,14.3,12.9,13.45,99.8,99.8,99.8,,1.5,0.6,0.9,,,,0.0
IUNG2,2024-08-22T04:00:00Z,15.6,14.5,15.15,97.0,85.8,90.33,,1.4,0.7,1.0,,,,0.0
IUNG2,2024-08-22T05:00:00Z,16.0,15.7,15.82,96.2,87.1,92.56,,1.9,0.4,1.07,,,,0.0
IUNG2,2024-08-22T06:00:00Z,16.9,16.3,16.58,95.3,79.0,87.14,,2.0,1.7,1.9,,,,0.0
IUNG2,2024-08-22T07:00:00Z,17.6,17.0,17.25,78.3,69.9,73.32,,2.4,1.8,2.08,,,,0.0
IUNG2,2024-08-22T08:00:00Z,19.2,17.9,18.6,70.5,66.4,68.73,,2.1,1.4,1.67,,,,0.0
IUNG2,2024-08-22T09:00:00Z,19.7,19.2,19.47,65.9,59.5,62.53,,2.2,1.9,2.05,,,,0.0
IUNG2,2024-08-22T10:00:00Z,20.5,19.8,20.17,56.7,49.0,54.08,,1.7,1.3,1.52,,,,0.0
IUNG2,2024-08-22T11:00:00Z,20.9,20.5,20.68,54.3,50.5,52.07,,2.6,1.4,2.0,,,,0.1
IUNG2,2024-08-22T12:00:00Z,21.7,21.0,21.33,50.4,47.7,49.02,,2.5,0.9,1.88,,,,0.0
IUNG2,2024-08-22T13:00:00Z,21.8,21.1,21.56,48.5,45.8,47.54,,2.8,0.9,1.9,,,,0.0
IUNG2,2024-08-22T14:00:00Z,21.3,21.1,21.22,47.4,44.2,45.97,,1.7,0.7,1.27,,,,0.0
IUNG2,2024-08-22T15:00:00Z,21.1,19.5,20.43,62.3,47.0,55.82,,0.6,0.0,0.15,,,,0.0
IUNG2,2024-08-22T16:00:00Z,19.2,17.8,18.57,76.2,66.0,71.65,,0.5,0.0,0.23,,,,0.0
IUNG2,2024-08-22T17:00:00Z,17.9,16.9,17.52,84.1,73.6,77.17,,0.9,0.0,0.4,,,,0.0
IUNG2,2024-08-22T18:00:00Z,16.9,15.9,16.28,97.4,78.4,84.62,,0.0,0.0,0.0,,,,0.0
IUNG2,2024-08-22T19:00:00Z,15.6,14.3,14.95,99.8,82.7,92.22,,0.0,0.0,0.0,,,,0.0
IUNG2,2024-08-22T20:00:00Z,14.2,13.6,13.88,99.8,99.8,99.8,,0.0,0.0,0.0,,,,0.0
IUNG2,2024-08-22T21:00:00Z,13.6,12.5,13.02,99.8,99.8,99.8,,0.4,0.0,0.22,,,,0.0
IUNG2,2024-08-22T22:00:00Z,12.7,12.4,12.58,99.8,99.8,99.8,,0.5,0.0,0.1,,,,0.0
IUNG2,2024-08-22T23:00:00Z,12.3,12.0,12.18,99.8,99.8,99.8,,0.7,0.0,0.38,,,,0.0
IUNG2,2024-08-23T00:00:00Z,11.9,10.7,11.25,99.8,99.8,99.8,,0.6,0.0,0.17,,,,0.0
IUNG2,2024-08-23T01:00:00Z,11.5,11.0,11.27,99.8,99.8,99.8,,0.1,0.0,0.03,,,,0.0
IUNG2,2024-08-23T02:00:00Z,11.0,10.0,10.48,99.8,99.8,99.8,,0.6,0.0,0.17,,,,0.0
IUNG2,2024-08-23T03:00:00Z,12.0,10.3,11.0,99.8,99.8,99.8,,0.5,0.0,0.13,,,,0.0
IUNG2,2024-08-23T04:00:00Z,13.6,12.2,12.77,99.8,99.8,99.8,,1.2,0.0,0.68,,,,0.0
IUNG2,2024-08-23T05:00:00Z,16.7,14.1,15.43,99.7,83.6,90.93,,1.2,0.6,0.87,,,,0.0
IUNG2,2024-08-23T06:00:00Z,19.1,17.3,18.0,78.7,67.3,72.47,,1.3,1.0,1.15,,,,0.0
IUNG2,2024-08-23T07:00:00Z,21.4,19.5,20.5,65.0,56.0,60.28,,1.7,1.1,1.4,,,,0.0
IUNG2,2024-08-23T08:00:00Z,23.6,22.0,22.92,53.4,48.7,50.88,,2.4,1.1,1.73,,,,0.0
IUNG2,2024-08-23T09:00:00Z,24.5,24.0,24.27,45.9,40.4,41.98,,3.1,2.1,2.62,,,,0.0
IUNG2,2024-08-23T10:00:00Z,25.2,24.4,24.78,43.0,40.8,41.73,,2.5,1.3,1.95,,,,0.0
IUNG2,2024-08-23T11:00:00Z,25.9,25.4,25.58,42.2,41.3,41.68,,2.2,1.4,1.83,,,,0.0
IUNG2,2024-08-23T12:00:00Z,26.7,26.0,26.48,41.8,40.6,41.08,,3.5,1.7,2.33,,,,0.1
IUNG2,2024-08-23T13:00:00Z,26.9,26.6,26.75,42.5,40.7,41.52,,2.9,2.1,2.4,,,,0.0
IUNG2,2024-08-23T14:00:00Z,27.1,26.8,26.88,43.2,42.3,42.82,,2.5,1.3,1.9,,,,0.0
IUNG2,2024-08-23T15:00:00Z,27.0,25.9,26.37,53.8,42.7,48.02,,1.3,0.0,0.7,,,,0.0
IUNG2,2024-08-23T16:00:00Z,25.1,21.8,23.55,68.2,54.5,59.98,,1.0,0.2,0.67,,,,0.0
IUNG2,2024-08-23T17:00:00Z,21.3,20.2,20.63,75.3,69.8,72.77,,0.8,0.0,0.47,,,,0.0
IUNG2,2024-08-23T18:00:00Z,20.8,19.7,20.18,78.9,69.9,73.78,,1.2,0.8,0.98,,,,0.0
IUNG2,2024-08-23T19:00:00Z,20.2,17.8,19.02,87.2,72.5,79.58,,1.2,0.3,0.77,,,,0.0
IUNG2,2024-08-23T20:00:00Z,17.4,16.7,17.07,99.3,91.3,96.15,,0.7,0.0,0.22,,,,0.0
IUNG2,2024-08-23T21:00:00Z,17.2,16.1,16.5,99.8,93.5,98.7,,0.8,0.0,0.28,,,,0.0
IUNG2,2024-08-23T22:00:00Z,16.6,15.4,15.88,99.8,99.8,99.8,,0.9,0.0,0.6,,,,0.0
IUNG2,2024-08-23T23:00:00Z,15.7,13.8,15.08,99.8,99.8,99.8,,0.5,0.0,0.25,,,,0.0
IUNG2,2024-08-24T00:00:00Z,14.9,13.9,14.37,99.8,99.8,99.8,,0.7,0.0,0.32,,,,0.0
IUNG2,2024-08-24T01:00:00Z,14.1,13.3,13.52,99.8,99.8,99.8,,0.3,0.0,0.1,,,,0.0
IUNG2,2024-08-24T02:00:00Z,13.3,12.8,13.03,99.8,99.8,99.8,,0.2,0.0,0.05,,,,0.0
IUNG2,2024-08-24T03:00:00Z,13.9,12.5,12.92,99.8,99.8,99.8,,0.2,0.0,0.08,,,,0.0
IUNG2,2024-08-24T04:00:00Z,17.4,14.4,15.97,99.9,94.5,98.97,,0.1,0.0,0.02,,,,0.0
IUNG2,2024-08-24T05:00:00Z,20.7,17.8,19.3,90.1,71.7,81.87,,0.9,0.0,0.37,,,,0.0
IUNG2,2024-08-24T06:00:00Z,23.3,21.2,22.33,70.5,63.5,65.85,,1.1,0.7,0.88,,,,0.0
IUNG2,2024-08-24T07:00:00Z,25.7,23.7,24.82,62.0,55.6,59.37,,1.5,0.8,1.2,,,,0.0
IUNG2,2024-08-24T08:00:00Z,28.1,26.4,27.42,53.0,46.8,49.95,,1.5,0.7,0.9,,,,0.0
IUNG2,2024-08-24T09:00:00Z,29.3,28.6,28.95,44.9,41.4,42.9,,1.8,1.3,1.62,,,,0.0
IUNG2,2024-08-24T10:00:00Z,30.4,29.6,30.07,42.7,41.2,42.12,,2.4,1.6,1.92,,,,0.0
IUNG2,2024-08-24T11:00:00Z,30.8,30.4,30.63,43.0,41.5,42.38,,2.1,1.5,1.72,,,,0.0
IUNG2,2024-08-24T12:00:00Z,31.7,31.0,31.32,41.7,38.7,40.15,,2.3,1.7,1.92,,,,0.0
IUNG2,2024-08-24T13:00:00Z,31.6,31.4,31.5,40.1,39.6,39.78,,2.1,1.4,1.82,,,,0.0
IUNG2,2024-08-24T14:00:00Z,31.6,30.5,31.32,45.1,39.5,41.1,,2.0,0.5,1.3,,,,0.0
IUNG2,2024-08-24T15:00:00Z,30.8,29.3,30.27,51.6,45.2,47.45,,1.4,0.6,0.98,,,,0.0
IUNG2,2024-08-24T16:00:00Z,28.9,26.9,27.78,58.2,52.7,55.83,,1.3,1.1,1.23,,,,0.0
IUNG2,2024-08-24T17:00:00Z,26.6,24.8,25.4,66.0,58.5,63.27,,1.3,0.9,1.1,,,,0.0
IUNG2,2024-08-24T18:00:00Z,23.9,21.9,23.02,79.2,70.4,73.18,,1.1,0.7,0.88,,,,0.0
IUNG2,2024-08-24T19:00:00Z,22.5,21.7,22.05,77.3,74.2,76.0,,1.5,1.2,1.35,,,,0.0
IUNG2,2024-08-24T20:00:00Z,21.6,20.6,21.05,80.9,77.2,79.07,,1.6,1.1,1.33,,,,0.0
IUNG2,2024-08-24T21:00:00Z,20.5,19.9,20.2,84.2,80.9,82.67,,1.5,1.2,1.37,,,,0.0
IUNG2,2024-08-24T22:00:00Z,19.7,19.2,19.38,89.0,85.3,87.77,,1.8,1.0,1.45,,,,0.1
IUNG2,2024-08-24T23:00:00Z,19.1,17.7,18.48,99.8,90.1,95.53,,1.6,0.7,1.1,,,,0.0
IUNG2,2024-08-25T00:00:00Z,17.6,17.1,17.38,99.8,99.8,99.8,,1.1,0.7,0.9,,,,0.0
IUNG2,2024-08-25T01:00:00Z,17.2,16.9,17.07,99.8,99.8,99.8,,1.5,0.9,1.22,,,,0.0
IUNG2,2024-08-25T02:00:00Z,17.0,16.4,16.62,99.8,99.8,99.8,,0.9,0.0,0.52,,,,0.0
IUNG2,2024-08-25T03:00:00Z,17.9,16.2,16.88,99.8,99.8,99.8,,1.9,0.2,0.87,,,,0.0
IUNG2,2024-08-25T04:00:00Z,20.8,18.5,19.63,97.4,86.8,92.2,,1.3,0.7,0.98,,,,0.0
IUNG2,2024-08-25T05:00:00Z,22.9,20.9,22.0,84.9,68.9,74.47,,1.4,1.0,1.2,,,,0.0
IUNG2,2024-08-25T06:00:00Z,25.4,23.3,24.35,67.4,61.5,64.77,,1.7,1.5,1.58,,,,0.0
IUNG2,2024-08-25T07:00:00Z,28.1,25.7,26.9,61.2,55.2,58.1,,1.7,1.3,1.43,,,,0.0
IUNG2,2024-08-25T08:00:00Z,31.0,28.6,29.83,54.3,47.0,50.63,,1.6,1.3,1.4,,,,0.0
IUNG2,2024-08-25T09:00:00Z,32.8,31.4,32.13,44.1,35.7,39.4,,3.5,1.6,2.52,,,,0.0
IUNG2,2024-08-25T10:00:00Z,33.1,32.6,32.83,35.9,35.5,35.7,,3.5,1.6,2.83,,,,0.0
IUNG2,2024-08-25T11:00:00Z,33.3,33.1,33.13,36.7,35.2,35.9,,3.6,3.0,3.27,,,,0.0
IUNG2,2024-08-25T12:00:00Z,33.3,33.1,33.2,37.4,36.7,37.03,,3.1,2.0,2.68,,,,0.0
IUNG2,2024-08-25T13:00:00Z,33.5,32.5,33.02,40.5,37.1,38.67,,2.7,1.1,1.72,,,,0.0
IUNG2,2024-08-25T14:00:00Z,32.6,31.1,31.85,46.7,41.8,43.85,,4.1,3.2,3.7,,,,0.0
IUNG2,2024-08-25T15:00:00Z,30.9,29.2,30.07,51.2,47.1,49.13,,4.8,3.6,4.38,,,,0.0
IUNG2,2024-08-25T16:00:00Z,28.9,27.2,28.02,53.2,52.0,52.87,,4.2,3.7,3.88,,,,0.0
IUNG2,2024-08-25T17:00:00Z,27.0,25.4,26.17,57.7,52.7,55.15,,4.8,3.5,4.28,,,,0.0
IUNG2,2024-08-25T18:00:00Z,25.2,24.1,24.78,63.8,58.4,60.47,,4.5,3.7,4.13,,,,0.0
IUNG2,2024-08-25T19:00:00Z,23.9,23.4,23.72,64.4,63.0,63.62,,3.9,3.1,3.37,,,,0.0
IUNG2,2024-08-25T20:00:00Z,23.3,22.5,22.87,64.1,62.8,63.42,,3.6,1.6,2.65,,,,0.0
IUNG2,2024-08-25T21:00:00Z,22.3,21.3,21.88,64.0,62.6,63.37,,2.7,1.6,2.1,,,,0.0
IUNG2,2024-08-25T22:00:00Z,21.1,19.3,20.1,75.1,63.9,69.8,,3.4,2.2,2.85,,,,0.0
IUNG2,2024-08-25T23:00:00Z,19.9,19.3,19.63,73.7,69.5,71.73,,1.8,0.6,1.05,,,,0.0
IUNG2,2024-08-26T00:00:00Z,19.9,19.4,19.73,70.0,68.1,68.65,,2.1,1.2,1.58,,,,0.0
IUNG2,2024-08-26T01:00:00Z,19.3,17.5,18.32,86.4,72.0,79.4,,2.3,1.3,1.72,,,,1.6
IUNG2,2024-08-26T02:00:00Z,17.3,16.9,17.07,99.8,89.4,96.53,,1.6,1.1,1.37,,,,0.7
IUNG2,2024-08-26T03:00:00Z,17.5,17.0,17.22,98.8,91.6,94.64,,2.0,1.6,1.78,,,,0.0
IUNG2,2024-08-26T04:00:00Z,18.5,17.6,18.0,91.0,87.9,90.15,,1.9,1.5,1.67,,,,0.0
IUNG2,2024-08-26T05:00:00Z,20.2,18.9,19.55,85.0,76.2,79.48,,1.7,0.9,1.35,,,,0.0
IUNG2,2024-08-26T06:00:00Z,20.4,19.9,20.12,76.2,74.8,75.52,,1.5,0.9,1.23,,,,0.0
IUNG2,2024-08-26T07:00:00Z,20.9,20.2,20.53,75.5,73.5,74.52,,1.5,1.0,1.2,,,,0.0
IUNG2,2024-08-26T08:00:00Z,22.3,21.0,21.58,73.6,68.7,72.02,,1.7,0.9,1.3,,,,0.0
IUNG2,2024-08-26T09:00:00Z,23.1,21.8,22.3,71.5,67.5,69.58,,2.0,1.2,1.58,,,,0.0
IUNG2,2024-08-26T10:00:00Z,24.1,23.4,23.57,68.3,65.2,66.38,,2.1,1.0,1.63,,,,0.0
IUNG2,2024-08-26T11:00:00Z,25.9,24.5,25.15,62.5,56.7,59.25,,1.8,1.2,1.5,,,,0.0
IUNG2,2024-08-26T12:00:00Z,25.6,25.2,25.43,61.5,56.6,58.93,,2.2,1.6,1.93,,,,0.0
IUNG2,2024-08-26T13:00:00Z,25.5,25.3,25.4,60.3,59.7,60.02,,2.6,1.4,2.24,,,,0.0
IUNG2,2024-08-26T14:00:00Z,25.2,24.5,25.0,61.9,59.4,60.63,,2.5,1.9,2.23,,,,0.0
IUNG2,2024-08-26T15:00:00Z,24.2,23.8,24.02,64.2,62.3,63.45,,2.1,0.9,1.42,,,,0.0
IUNG2,2024-08-26T16:00:00Z,23.5,21.8,22.65,69.2,65.2,67.3,,1.2,0.7,0.95,,,,0.0
IUNG2,2024-08-26T17:00:00Z,21.5,19.9,20.75,77.5,70.0,72.78,,1.0,0.8,0.9,,,,0.0
IUNG2,2024-08-26T18:00:00Z,19.5,18.8,19.18,79.8,78.7,79.35,,1.2,0.7,1.02,,,,0.0
IUNG2,2024-08-26T19:00:00Z,19.0,18.4,18.67,79.2,76.7,77.6,,2.0,1.5,1.65,,,,0.0
IUNG2,2024-08-26T20:00:00Z,18.2,16.9,17.4,81.8,77.2,80.02,,2.5,2.4,2.45,,,,0.0
IUNG2,2024-08-26T21:00:00Z,16.8,16.5,16.65,82.4,81.9,82.12,,2.4,1.9,2.12,,,,0.0
IUNG2,2024-08-26T22:00:00Z,16.8,16.5,16.63,82.2,80.9,81.58,,2.2,2.0,2.1,,,,0.1
IUNG2,2024-08-26T23:00:00Z,17.3,16.9,17.08,81.0,78.5,80.23,,1.9,1.3,1.53,,,,0.0
IUNG2,2024-08-27T00:00:00Z,17.5,17.4,17.47,78.3,76.1,76.97,,2.3,1.3,2.0,,,,0.0
IUNG2,2024-08-27T01:00:00Z,17.4,16.9,17.25,77.4,76.0,76.53,,2.4,1.4,1.93,,,,0.0
IUNG2,2024-08-27T02:00:00Z,16.6,16.3,16.38,78.7,77.9,78.4,,3.2,2.6,2.95,,,,0.0
IUNG2,2024-08-27T03:00:00Z,16.5,16.2,16.3,78.6,77.5,78.23,,2.7,2.2,2.47,,,,0.0
IUNG2,2024-08-27T04:00:00Z,17.3,16.7,16.98,77.5,76.0,76.93,,2.6,1.8,2.15,,,,0.0
IUNG2,2024-08-27T05:00:00Z,18.4,17.5,17.93,75.8,73.2,74.38,,2.6,1.6,2.1,,,,0.0
IUNG2,2024-08-27T06:00:00Z,19.4,18.6,19.03,73.3,71.6,72.12,,2.6,1.5,2.03,,,,0.0
IUNG2,2024-08-27T07:00:00Z,21.2,19.9,20.45,70.6,69.3,70.17,,2.4,2.0,2.22,,,,0.0
IUNG2,2024-08-27T08:00:00Z,24.5,21.6,23.05,68.3,63.7,66.53,,2.5,1.3,1.78,,,,0.0
IUNG2,2024-08-27T09:00:00Z,26.2,24.2,25.35,64.6,59.5,61.93,,2.6,1.2,1.88,,,,0.0
IUNG2,2024-08-27T10:00:00Z,27.0,26.3,26.65,58.7,55.7,57.25,,3.0,1.6,1.98,,,,0.0
IUNG2,2024-08-27T11:00:00Z,27.7,27.2,27.47,54.7,53.2,53.65,,3.2,1.6,2.33,,,,0.0
IUNG2,2024-08-27T12:00:00Z,27.9,27.3,27.58,54.7,52.9,53.83,,2.7,1.1,2.08,,,,0.0
IUNG2,2024-08-27T13:00:00Z,27.4,26.8,27.05,56.0,54.2,55.48,,1.8,1.1,1.45,,,,0.0
IUNG2,2024-08-27T14:00:00Z,27.3,27.0,27.13,56.7,55.8,56.38,,1.4,1.1,1.25,,,,0.0
IUNG2,2024-08-27T15:00:00Z,26.9,25.7,26.18,60.0,57.4,58.78,,1.5,0.7,1.02,,,,0.0
IUNG2,2024-08-27T16:00:00Z,25.5,24.4,24.95,62.4,60.4,61.53,,1.1,0.6,0.83,,,,0.0
IUNG2,2024-08-27T17:00:00Z,24.1,22.6,23.47,68.5,63.5,65.15,,1.4,0.9,1.12,,,,0.0
IUNG2,2024-08-27T18:00:00Z,22.7,22.3,22.48,69.7,65.3,67.12,,1.3,0.9,1.08,,,,0.0
IUNG2,2024-08-27T19:00:00Z,22.3,21.7,22.14,67.8,65.6,66.54,,1.3,0.6,0.94,,,,0.0
IUNG2,2024-08-27T20:00:00Z,21.7,20.1,20.83,74.9,68.0,71.73,,1.3,0.4,0.83,,,,0.0
IUNG2,2024-08-27T21:00:00Z,20.0,19.1,19.55,79.4,75.4,77.22,,0.5,0.1,0.4,,,,0.0
IUNG2,2024-08-27T22:00:00Z,19.5,19.1,19.27,79.1,77.6,78.3,,1.5,0.8,1.12,,,,0.0
IUNG2,2024-08-27T23:00:00Z,19.0,18.1,18.5,82.9,79.6,81.33,,1.4,0.7,1.17,,,,0.0
IUNG2,2024-08-28T00:00:00Z,17.9,16.9,17.63,91.7,83.4,85.6,,0.8,0.0,0.3,,,,0.0
IUNG2,2024-08-28T01:00:00Z,17.1,17.0,17.07,94.6,92.0,93.27,,1.1,0.0,0.62,,,,0.0
IUNG2,2024-08-28T02:00:00Z,16.9,16.5,16.72,97.3,92.0,94.47,,1.3,0.2,0.98,,,,0.0
IUNG2,2024-08-28T03:00:00Z,17.6,16.4,16.82,98.0,93.2,96.57,,0.8,0.2,0.47,,,,0.0
IUNG2,2024-08-28T04:00:00Z,19.9,18.0,19.07,89.9,76.4,81.6,,1.1,0.4,0.8,,,,0.0
IUNG2,2024-08-28T05:00:00Z,21.6,20.3,20.9,74.9,72.4,73.98,,1.7,1.3,1.42,,,,0.0
IUNG2,2024-08-28T06:00:00Z,22.8,21.7,22.23,72.8,71.5,72.12,,2.1,1.4,1.73,,,,0.0
IUNG2,2024-08-28T07:00:00Z,24.5,23.4,23.92,70.2,67.3,68.74,,1.5,0.9,1.25,,,,0.0
IUNG2,2024-08-28T08:00:00Z,26.7,24.8,25.77,66.8,59.6,63.57,,1.5,1.0,1.25,,,,0.0
IUNG2,2024-08-28T09:00:00Z,28.2,27.1,27.62,56.7,52.8,54.68,,1.9,1.5,1.75,,,,0.0
IUNG2,2024-08-28T10:00:00Z,29.2,28.4,28.82,52.0,49.6,50.43,,2.7,1.9,2.32,,,,0.0
IUNG2,2024-08-28T11:00:00Z,29.7,29.2,29.57,48.9,44.1,46.13,,3.7,2.2,2.77,,,,0.0
IUNG2,2024-08-28T12:00:00Z,30.0,29.8,29.9,44.6,43.4,44.07,,2.7,1.9,2.28,,,,0.0
IUNG2,2024-08-28T13:00:00Z,30.2,29.9,30.02,46.0,44.7,45.48,,2.3,1.4,1.82,,,,0.0
IUNG2,2024-08-28T14:00:00Z,30.3,29.8,30.02,46.8,45.8,46.5,,2.3,1.1,1.58,,,,0.0
IUNG2,2024-08-28T15:00:00Z,29.7,28.5,29.23,50.4,47.1,48.38,,1.0,0.6,0.83,,,,0.0
IUNG2,2024-08-28T16:00:00Z,28.0,25.5,26.72,60.6,51.5,56.03,,0.5,0.2,0.32,,,,0.0
IUNG2,2024-08-28T17:00:00Z,25.2,23.2,24.22,69.9,61.9,65.77,,0.2,0.0,0.12,,,,0.0
IUNG2,2024-08-28T18:00:00Z,23.2,22.3,22.77,72.4,69.4,71.15,,0.3,0.1,0.2,,,,0.0
IUNG2,2024-08-28T19:00:00Z,22.1,21.4,21.87,78.0,73.2,74.85,,0.5,0.0,0.27,,,,0.0
IUNG2,2024-08-28T20:00:00Z,21.3,20.7,21.05,79.5,76.7,77.93,,0.7,0.5,0.62,,,,0.0
IUNG2,2024-08-28T21:00:00Z,20.5,20.0,20.23,82.7,79.4,81.32,,0.9,0.5,0.65,,,,0.0
IUNG2,2024-08-28T22:00:00Z,19.8,19.3,19.58,86.8,82.9,85.05,,0.5,0.1,0.3,,,,0.0
IUNG2,2024-08-28T23:00:00Z,19.2,18.5,18.82,96.4,86.2,90.65,,0.6,0.0,0.28,,,,0.0
IUNG2,2024-08-29T00:00:00Z,18.5,17.5,18.05,99.8,95.8,97.77,,1.2,0.0,0.73,,,,0.0
IUNG2,2024-08-29T01:00:00Z,17.4,16.5,16.88,99.8,99.8,99.8,,0.8,0.0,0.2,,,,0.0
IUNG2,2024-08-29T02:00:00Z,16.7,16.3,16.42,99.8,99.8,99.8,,1.0,0.0,0.4,,,,0.0
IUNG2,2024-08-29T03:00:00Z,16.2,16.0,16.13,99.8,99.8,99.8,,0.2,0.0,0.07,,,,0.0
IUNG2,2024-08-29T04:00:00Z,20.0,16.9,18.67,99.9,86.6,93.67,,1.2,0.3,0.55,,,,0.0
IUNG2,2024-08-29T05:00:00Z,22.5,20.4,21.42,83.9,70.6,76.02,,1.5,1.1,1.25,,,,0.0
IUNG2,2024-08-29T06:00:00Z,25.0,22.7,23.9,69.1,61.7,65.72,,1.5,1.0,1.25,,,,0.0
IUNG2,2024-08-29T07:00:00Z,27.2,25.4,26.23,60.6,53.1,56.97,,1.7,1.0,1.27,,,,0.0
IUNG2,2024-08-29T08:00:00Z,28.8,27.6,28.13,51.0,44.8,47.42,,2.4,1.5,2.17,,,,0.0
IUNG2,2024-08-29T09:00:00Z,30.0,29.1,29.58,42.8,40.6,41.53,,3.2,2.5,2.72,,,,0.0
IUNG2,2024-08-29T10:00:00Z,30.9,30.3,30.55,41.2,37.8,39.05,,3.5,2.0,2.57,,,,0.0
IUNG2,2024-08-29T11:00:00Z,31.4,31.0,31.2,37.7,35.0,36.26,,3.9,1.9,2.42,,,,0.0
IUNG2,2024-08-29T12:00:00Z,31.6,30.9,31.3,36.7,34.8,35.67,,3.0,1.7,2.37,,,,0.0
IUNG2,2024-08-29T13:00:00Z,31.0,29.9,30.63,41.4,35.9,37.98,,2.2,1.6,1.92,,,,0.0
IUNG2,2024-08-29T14:00:00Z,31.1,30.7,30.9,37.4,35.9,36.52,,2.0,1.3,1.63,,,,0.0
IUNG2,2024-08-29T15:00:00Z,30.5,28.8,29.72,45.3,37.5,41.52,,1.7,0.6,1.05,,,,0.0
IUNG2,2024-08-29T16:00:00Z,28.3,25.8,26.82,53.2,46.6,50.32,,0.8,0.5,0.73,,,,0.0
IUNG2,2024-08-29T17:00:00Z,24.8,22.9,24.03,64.2,57.8,60.18,,0.6,0.2,0.48,,,,0.0
IUNG2,2024-08-29T18:00:00Z,22.4,21.7,21.97,71.5,66.4,69.63,,0.6,0.1,0.35,,,,0.0
IUNG2,2024-08-29T19:00:00Z,22.2,21.8,22.03,69.2,65.7,66.8,,0.9,0.3,0.77,,,,0.0
IUNG2,2024-08-29T20:00:00Z,21.2,20.1,20.6,76.5,70.6,73.92,,0.5,0.3,0.42,,,,0.0
IUNG2,2024-08-29T21:00:00Z,19.7,18.4,18.95,84.4,76.8,80.62,,0.7,0.0,0.33,,,,0.0
IUNG2,2024-08-29T22:00:00Z,18.6,16.9,17.68,99.8,83.9,93.93,,0.6,0.0,0.23,,,,0.0
IUNG2,2024-08-29T23:00:00Z,17.9,17.5,17.72,99.1,93.3,96.47,,1.0,0.5,0.7,,,,0.0
IUNG2,2024-08-30T00:00:00Z,17.3,16.5,17.07,99.8,99.2,99.57,,1.7,0.2,1.03,,,,0.0
IUNG2,2024-08-30T01:00:00Z,17.2,16.7,16.9,99.8,99.8,99.8,,1.4,0.0,0.65,,,,0.0
IUNG2,2024-08-30T02:00:00Z,16.7,15.9,16.33,99.8,99.8,99.8,,1.1,0.0,0.75,,,,0.0
IUNG2,2024-08-30T03:00:00Z,17.5,16.6,16.93,99.8,96.9,99.15,,0.9,0.5,0.65,,,,0.0
IUNG2,2024-08-30T04:00:00Z,19.8,17.8,18.75,94.7,81.5,89.63,,0.3,0.0,0.13,,,,0.0
IUNG2,2024-08-30T05:00:00Z,22.3,20.3,21.08,76.4,71.0,74.55,,0.7,0.0,0.43,,,,0.0
IUNG2,2024-08-30T06:00:00Z,24.4,22.6,23.47,69.6,63.1,66.47,,0.8,0.5,0.7,,,,0.0
IUNG2,2024-08-30T07:00:00Z,27.2,25.0,26.25,61.1,53.2,56.55,,1.5,0.5,1.12,,,,0.0
IUNG2,2024-08-30T08:00:00Z,28.7,27.6,28.17,51.5,48.1,49.78,,2.6,1.1,1.8,,,,0.0
IUNG2,2024-08-30T09:00:00Z,30.1,29.2,29.6,46.1,43.2,43.82,,3.0,2.1,2.63,,,,0.0
IUNG2,2024-08-30T10:00:00Z,31.3,30.3,30.9,42.2,34.1,38.43,,2.9,2.2,2.48,,,,0.0
IUNG2,2024-08-30T11:00:00Z,31.9,31.3,31.58,34.8,33.3,34.02,,2.5,1.1,1.92,,,,0.0
IUNG2,2024-08-30T12:00:00Z,32.0,31.6,31.78,33.2,32.1,32.68,,2.3,1.5,1.98,,,,0.0
IUNG2,2024-08-30T13:00:00Z,31.9,31.6,31.78,32.0,29.9,30.85,,1.5,1.2,1.38,,,,0.0
IUNG2,2024-08-30T14:00:00Z,31.7,31.2,31.5,34.2,31.4,32.6,,1.4,0.7,1.1,,,,0.0
IUNG2,2024-08-30T15:00:00Z,31.1,28.4,30.22,44.3,35.2,38.65,,1.0,0.2,0.52,,,,0.0
IUNG2,2024-08-30T16:00:00Z,28.2,25.2,26.85,51.5,44.0,47.22,,1.2,0.1,0.5,,,,0.0
IUNG2,2024-08-30T17:00:00Z,24.7,22.9,23.7,60.0,53.5,57.0,,0.2,0.0,0.08,,,,0.0
IUNG2,2024-08-30T18:00:00Z,22.6,21.3,21.72,67.2,62.0,65.38,,0.5,0.0,0.17,,,,0.0
IUNG2,2024-08-30T19:00:00Z,21.6,20.4,21.27,70.0,63.4,65.92,,0.7,0.2,0.47,,,,0.0
IUNG2,2024-08-30T20:00:00Z,20.6,20.1,20.4,70.8,67.8,69.17,,0.7,0.4,0.52,,,,0.0
IUNG2,2024-08-30T21:00:00Z,20.1,18.8,19.4,76.4,69.3,72.75,,0.4,0.1,0.23,,,,0.0
IUNG2,2024-08-30T22:00:00Z,18.6,17.6,17.98,82.4,75.5,79.63,,0.2,0.0,0.07,,,,0.0
IUNG2,2024-08-30T23:00:00Z,17.9,17.0,17.53,96.0,86.3,89.93,,0.5,0.0,0.15,,,,0.0
IUNG2,2024-08-31T00:00:00Z,17.3,16.6,16.97,99.6,90.4,95.5,,1.1,0.0,0.55,,,,0.0
IUNG2,2024-08-31T01:00:00Z,16.8,16.3,16.58,99.8,99.6,99.7,,1.4,0.0,0.83,,,,0.0
IUNG2,2024-08-31T02:00:00Z,16.8,15.3,15.82,99.8,97.0,99.27,,1.1,0.0,0.25,,,,0.0
IUNG2,2024-08-31T03:00:00Z,15.8,14.8,15.3,99.8,97.5,99.22,,0.4,0.0,0.07,,,,0.0
IUNG2,2024-08-31T04:00:00Z,18.9,16.3,17.5,99.8,85.4,92.98,,1.1,0.1,0.72,,,,0.0
IUNG2,2024-08-31T05:00:00Z,21.7,19.3,20.4,82.2,67.6,73.83,,1.1,0.1,0.5,,,,0.0
IUNG2,2024-08-31T06:00:00Z,25.1,22.2,23.35,66.4,57.7,63.05,,0.7,0.2,0.45,,,,0.0
IUNG2,2024-08-31T07:00:00Z,27.3,25.1,26.17,56.9,52.2,54.57,,0.9,0.5,0.68,,,,0.0
IUNG2,2024-08-31T08:00:00Z,28.4,27.7,28.03,51.4,48.1,50.03,,1.9,0.8,1.23,,,,0.0
IUNG2,2024-08-31T09:00:00Z,29.8,28.5,29.12,48.5,39.2,44.15,,1.8,1.4,1.6,,,,0.0
IUNG2,2024-08-31T10:00:00Z,30.7,29.8,30.3,38.4,36.7,37.72,,1.7,0.6,1.32,,,,0.0
IUNG2,2024-08-31T11:00:00Z,31.7,30.8,31.3,36.2,31.2,34.4,,2.3,1.1,1.67,,,,0.0
IUNG2,2024-08-31T12:00:00Z,31.4,30.4,30.92,39.5,30.1,35.8,,1.9,0.9,1.37,,,,0.0
IUNG2,2024-08-31T13:00:00Z,30.1,25.6,27.4,58.8,38.2,50.9,,4.7,0.9,2.92,,,,0.0
IUNG2,2024-08-31T14:00:00Z,25.5,24.5,25.0,63.3,56.0,59.02,,2.8,0.4,1.78,,,,0.0
IUNG2,2024-08-31T15:00:00Z,24.9,24.1,24.57,64.7,63.1,63.7,,3.7,2.2,2.88,,,,0.0
IUNG2,2024-08-31T16:00:00Z,24.3,23.7,23.98,70.6,65.0,68.3,,1.9,0.9,1.5,,,,0.0
IUNG2,2024-08-31T17:00:00Z,23.7,22.9,23.32,70.0,68.7,69.43,,2.0,1.0,1.45,,,,0.0
IUNG2,2024-08-31T18:00:00Z,22.7,22.0,22.28,74.0,70.3,72.55,,2.1,1.9,2.0,,,,0.0
IUNG2,2024-08-31T19:00:00Z,21.9,21.1,21.52,78.7,74.4,76.35,,2.1,1.4,1.85,,,,0.0
IUNG2,2024-08-31T20:00:00Z,21.0,20.2,20.63,84.3,79.6,81.93,,1.6,0.3,0.9,,,,0.0
IUNG2,2024-08-31T21:00:00Z,20.4,20.1,20.27,84.9,83.3,84.27,,1.5,0.8,1.27,,,,0.0
IUNG2,2024-08-31T22:00:00Z,20.2,19.9,20.05,84.7,82.7,83.77,,2.0,1.4,1.58,,,,0.0
IUNG2,2024-08-31T23:00:00Z,19.9,19.4,19.67,84.7,82.8,83.97,,1.8,1.2,1.52,,,,0.0
